timestamp	time	fix	state	rawx	rawy	avgx	avgy	psize	Lrawx	Lrawy	Lavgx	Lavgy	Lpsize	Lpupilx	Lpupily	Rrawx	Rrawy	Ravgx	Ravgy	Rpsize	Rpupilx	Rpupily
MSG	2016-04-04 19:51:13.533	598734717	pygaze initiation report start
MSG	2016-04-04 19:51:13.533	598734717	display resolution: 1280x1024
MSG	2016-04-04 19:51:13.533	598734717	display size in cm: 39.9x29.9
MSG	2016-04-04 19:51:13.533	598734717	samplerate: 30.00 Hz
MSG	2016-04-04 19:51:13.533	598734717	sampletime: 33.33 ms
MSG	2016-04-04 19:51:13.533	598734717	fixation threshold: 1.5 degrees
MSG	2016-04-04 19:51:13.533	598734717	speed threshold: 35 degrees/second
MSG	2016-04-04 19:51:13.533	598734717	acceleration threshold: 9500 degrees/second**2
MSG	2016-04-04 19:51:13.533	598734717	pygaze initiation report end
MSG	2016-04-04 19:54:28.947	598930131	pygaze calibration report start
MSG	2016-04-04 19:54:28.947	598930131	accuracy (degrees): LX=0.7043, LY=0.7043, RX=0.1452, RY=0.1452
MSG	2016-04-04 19:54:28.980	598930164	accuracy (in pixels): LX=24.4609360423, LY=24.4609360423, RX=5.04267588177, RY=5.04267588177
MSG	2016-04-04 19:54:28.980	598930164	precision (RMS noise in pixels): X=9.32743333333, Y=9.32743333333
MSG	2016-04-04 19:54:29.013	598930197	distance between participant and display: 60.0 cm
MSG	2016-04-04 19:54:29.013	598930197	fixation threshold: 52.1055523273 pixels
MSG	2016-04-04 19:54:29.013	598930197	speed threshold: 1.21551859494 pixels/ms
MSG	2016-04-04 19:54:29.013	598930197	acceleration threshold: 332.983471712 pixels/ms**2
MSG	2016-04-04 19:54:29.047	598930231	pygaze calibration report end
MSG	2016-04-04 19:54:29.613	598930797	start_recording
MSG	2016-04-04 19:54:29.613	598930797	TRIALSTART 0
MSG	2016-04-04 19:54:29.613	598930797	IMAGENAME advertisment.jpg
2016-04-04 19:54:29.647	598930831	False	7	618.7527	507.2296	658.5184	505.6996	31.7984	618.4641	498.3205	517.3776	408.6539	33.4735	0.3508	0.4929	619.0414	516.1387	664.1234	502.5663	30.1233	0.5388	0.5084
2016-04-04 19:54:29.680	598930864	False	7	627.0327	511.7975	653.7624	506.5953	32.01885	632.5313	516.4542	632.5313	516.4542	33.6543	0.3509	0.4932	621.5341	507.1409	657.731	503.2512	30.3834	0.5386	0.5077
2016-04-04 19:54:29.713	598930897	False	7	609.5247	512.627	647.8303	507.3911	31.95725	601.6507	510.2111	601.6507	510.2111	33.7456	0.3505	0.4924	617.3987	515.0428	652.2894	504.8086	30.1689	0.5384	0.5065
2016-04-04 19:54:29.746	598930930	False	7	617.3906	488.1246	644.0266	505.1456	31.18445	613.7813	490.3887	607.7238	500.2873	32.7837	0.3504	0.4915	620.9999	485.8605	648.376	502.6207	29.5852	0.5382	0.5053
2016-04-04 19:54:29.780	598930964	False	7	609.1166	511.9401	640.0168	505.8519	31.5807	606.9391	515.3886	607.4713	505.3256	33.0218	0.3501	0.4911	611.294	508.4916	644.1229	503.2466	30.1396	0.5377	0.5048
2016-04-04 19:54:29.813	598930997	False	7	619.2454	507.244	637.6481	505.9837	31.7783	612.0317	498.8339	608.6284	503.6949	33.2309	0.3497	0.4898	626.459	515.6542	642.0476	504.4844	30.3257	0.5371	0.5038
2016-04-04 19:54:29.846	598931030	False	7	613.4441	506.3329	635.0869	506.0134	31.49155	601.9357	506.166	607.2815	504.1922	32.9221	0.3491	0.4898	624.9526	506.4999	640.1368	504.7055	30.061	0.5366	0.5034
2016-04-04 19:54:29.879	598931063	False	7	624.6724	509.8666	633.8338	506.3464	32.1466	616.6724	510.3332	608.8819	505.2401	33.5237	0.3487	0.4893	632.6723	509.4001	639.1503	505.1496	30.7695	0.5362	0.503
2016-04-04 19:54:29.913	598931097	False	7	621.2638	511.6642	632.4606	506.7909	31.75675	615.7256	500.7744	609.908	504.5927	33.0034	0.3483	0.4892	626.8019	522.5541	637.8118	506.6238	30.5101	0.5358	0.5031
2016-04-04 19:54:29.946	598931130	False	7	642.2781	512.3469	632.8908	507.2452	31.95655	633.6234	523.4933	613.032	507.0625	33.503	0.3485	0.4896	650.9329	501.2005	638.5166	506.2807	30.4101	0.5362	0.503
2016-04-04 19:54:29.979	598931163	False	7	635.552	525.1136	632.8069	508.616	32.37945	639.8024	523.3183	616.2504	509.0128	33.5995	0.3486	0.4899	631.3016	526.9091	637.7152	507.8892	31.1594	0.5361	0.5037
2016-04-04 19:54:30.013	598931197	False	7	634.7209	537.9554	632.696	510.8051	32.29165	625.2352	538.4089	617.3338	512.2359	33.7172	0.3485	0.4908	644.2066	537.502	637.932	510.1324	30.8661	0.5364	0.5047
2016-04-04 19:54:30.046	598931230	False	7	637.595	522.6478	632.8193	511.7707	32.40135	628.9758	511.4789	618.6139	512.2863	33.6832	0.3485	0.4909	646.2141	533.8167	638.2999	511.9558	31.1195	0.5366	0.5049
2016-04-04 19:54:30.079	598931263	False	7	628.275	527.6937	632.3297	513.009	32.73115	631.8182	529.4238	619.9733	513.981	34.0125	0.3486	0.4918	624.7318	525.9636	637.2159	513.1226	31.4498	0.5365	0.5056
2016-04-04 19:54:30.113	598931297	False	7	637.7321	523.3024	632.514	513.8781	32.55755	635.9939	522.2535	621.5204	514.8393	33.763	0.3486	0.4917	639.4703	524.3511	637.1853	514.1022	31.3521	0.5367	0.5055
2016-04-04 19:54:30.146	598931330	False	7	637.7091	520.1575	632.7113	514.4871	32.88775	630.415	531.743	622.4305	516.3752	34.1906	0.3487	0.4914	645.0031	508.5719	637.5358	513.9981	31.5849	0.5368	0.505
2016-04-04 19:54:30.179	598931363	False	7	627.4099	521.0926	632.2721	515.1108	32.687	617.0861	514.4648	622.1967	516.3995	33.9872	0.3487	0.4909	637.7336	527.7203	637.4351	515.0831	31.3868	0.537	0.5046
2016-04-04 19:54:30.212	598931396	False	7	633.3911	507.077	632.2393	514.8235	32.43035	618.9443	499.8336	622.1086	515.3127	33.5317	0.3488	0.4904	647.8378	514.3204	637.9833	515.2743	31.329	0.5373	0.5043
2016-04-04 19:54:30.246	598931430	False	7	628.9427	525.4828	631.9548	515.6464	32.56885	624.6453	520.1402	622.4252	515.7624	33.8009	0.3491	0.4909	633.2401	530.8255	637.6411	516.4396	31.3368	0.5374	0.5046
2016-04-04 19:54:30.279	598931463	False	7	636.1311	524.0062	632.1277	516.3358	32.97785	628.8578	523.6893	623.0004	516.4178	34.3523	0.3494	0.4916	643.4044	524.3232	637.9345	517.1541	31.6034	0.5378	0.5053
2016-04-04 19:54:30.312	598931496	False	7	642.6556	525.8481	632.2609	517.3208	32.65115	630.817	524.4774	623.659	517.0751	33.7679	0.3497	0.4927	654.4943	527.2189	638.5295	518.2307	31.5344	0.5382	0.5066
2016-04-04 19:54:30.345	598931529	False	7	629.8105	518.6387	631.5497	517.5099	32.74305	618.6969	521.2665	623.4688	517.4723	34.261	0.3498	0.4938	640.9241	516.0109	638.2238	518.264	31.2251	0.5383	0.5078
2016-04-04 19:54:30.379	598931563	False	7	636.6022	528.8745	631.5629	518.564	33.0128	619.355	530.0255	623.3146	518.4005	34.171	0.35	0.4948	653.8494	527.7235	638.7637	519.4363	31.8546	0.5386	0.5091
2016-04-04 19:54:30.412	598931596	False	7	632.3805	525.8077	631.3375	519.4885	33.25525	625.6281	519.2048	623.5486	518.5923	34.6906	0.3502	0.4951	639.1329	532.4106	638.5922	520.7944	31.8199	0.5385	0.5096
2016-04-04 19:54:30.445	598931629	False	7	634.4502	525.5432	631.2591	520.1567	32.9904	628.7819	530.3751	623.9559	519.4525	34.424	0.3502	0.4951	640.1186	520.7114	638.5045	521.1997	31.5568	0.5385	0.5096
2016-04-04 19:54:30.479	598931663	False	7	631.1653	523.4599	631.5558	520.6747	33.0476	615.4338	520.872	623.5233	519.6885	34.1103	0.35	0.4947	646.8967	526.0478	639.4637	521.7057	31.9849	0.5382	0.5092
2016-04-04 19:54:30.512	598931696	False	7	638.4191	509.0701	632.148	520.2316	32.97945	626.8712	484.4449	623.7783	517.7107	33.7461	0.3497	0.4938	649.967	533.6953	640.5179	522.7523	32.2128	0.5378	0.5086
2016-04-04 19:54:30.545	598931729	False	7	641.6541	537.7647	633.1226	521.4715	33.1774	628.0723	532.5497	624.3609	518.7266	34.2259	0.3493	0.4938	655.2359	542.9797	641.884	524.2165	32.1289	0.5374	0.508
2016-04-04 19:54:30.578	598931762	False	7	651.1097	528.2501	634.5156	522.4097	33.0038	630.2517	526.2366	624.8826	519.5815	34.4447	0.3489	0.4932	671.9678	530.2637	644.1487	525.2378	31.5629	0.5371	0.507
2016-04-04 19:54:30.612	598931796	False	7	637.6038	530.7014	635.1558	523.1369	32.98325	626.6492	527.6642	625.2473	520.1628	34.2333	0.3487	0.4924	648.5583	533.7387	645.0641	526.1108	31.7332	0.5367	0.5061
2016-04-04 19:54:30.645	598931829	False	7	630.9893	517.8822	635.2191	523.1212	33.1819	617.814	508.3819	624.9858	519.7727	34.3621	0.3486	0.4915	644.1645	527.3825	645.4527	526.4698	32.0017	0.5367	0.5053
2016-04-04 19:54:30.678	598931862	False	7	632.3422	529.0918	635.3976	523.7546	32.9445	613.8796	524.2726	624.5888	520.2097	34.2318	0.3487	0.4912	650.8047	533.9109	646.2064	527.2994	31.6572	0.5369	0.505
2016-04-04 19:54:30.713	598931897	False	7	635.1497	533.7852	635.5649	524.5917	33.1056	621.3712	535.9412	624.4299	521.2742	34.2155	0.3491	0.491	648.9282	531.6292	646.7001	527.9092	31.9957	0.5373	0.5047
2016-04-04 19:54:30.746	598931930	False	7	631.5187	525.131	635.5333	524.857	33.2683	624.6454	530.8782	624.4745	522.1335	34.908	0.3495	0.4909	638.392	519.3839	646.5922	527.5804	31.6286	0.5378	0.505
2016-04-04 19:54:30.779	598931963	False	7	647.3893	523.1641	636.1733	524.9684	33.27295	627.614	541.6268	624.4747	523.3271	35.0755	0.3498	0.4909	667.1645	504.7014	647.8721	526.6097	31.4704	0.5385	0.505
2016-04-04 19:54:30.812	598931996	False	7	633.8387	526.2474	636.0879	525.0848	33.31595	626.0267	533.3229	624.3271	524.0212	34.8516	0.3499	0.4907	641.6509	519.1718	647.8486	526.1485	31.7803	0.5386	0.5052
2016-04-04 19:54:30.846	598932030	False	7	640.0754	526.0986	636.3812	525.0315	33.4906	627.3914	524.6205	624.4694	524.0	35.0457	0.3498	0.4905	652.7595	527.5767	648.2932	526.0631	31.9355	0.5386	0.5052
2016-04-04 19:54:30.879	598932063	False	7	631.8761	515.8701	636.1395	524.5648	33.19365	620.5958	503.6628	624.163	523.0596	34.4082	0.3493	0.4901	643.1564	528.0775	648.1159	526.0699	31.9791	0.5382	0.5048
2016-04-04 19:54:30.912	598932096	False	7	639.1829	538.2324	636.4476	525.3711	33.93135	628.4631	519.8177	624.306	522.8428	35.056	0.3489	0.4905	649.9026	556.6472	648.5894	527.8993	32.8067	0.5379	0.5051
2016-04-04 19:54:30.946	598932130	False	7	626.4786	530.5745	635.8602	525.7689	33.6885	598.4337	533.0689	622.6075	523.5128	35.0714	0.3483	0.491	654.5234	528.08	649.1129	528.0248	32.3056	0.5377	0.5052
2016-04-04 19:54:30.979	598932163	False	7	629.171	527.954	635.4345	526.0359	33.9107	618.7656	526.7033	622.2216	523.6749	35.4564	0.3483	0.4919	639.5765	529.2048	648.6476	528.3971	32.365	0.5374	0.5059
2016-04-04 19:54:31.012	598932196	False	7	639.1211	523.2073	635.7346	525.9894	34.0299	625.0133	536.165	622.3908	524.619	35.7275	0.3483	0.4931	653.2289	510.2495	649.0784	527.3598	32.3323	0.5374	0.5069
2016-04-04 19:54:31.045	598932229	False	7	628.1274	545.347	635.2885	527.4294	34.1185	614.3122	554.3959	621.8913	526.8106	35.6781	0.3482	0.4943	641.9426	536.2982	648.6855	528.0483	32.5589	0.5374	0.5081
2016-04-04 19:54:31.079	598932263	False	7	625.2816	518.0306	634.724	526.966	34.0721	620.2962	539.4695	621.6836	527.804	35.66	0.3484	0.495	630.2671	496.5917	647.7642	526.1279	32.4842	0.5373	0.5087
2016-04-04 19:54:31.114	598932298	False	7	624.9484	520.8449	634.0469	526.6804	33.9317	615.8292	521.2623	621.1685	527.6332	35.4167	0.3485	0.4952	634.0676	520.4276	646.9251	525.7277	32.4467	0.5375	0.5093
2016-04-04 19:54:31.145	598932329	False	7	632.4441	522.9507	633.7507	526.4901	34.14415	618.7206	518.7741	620.8231	527.2808	35.3194	0.3488	0.495	646.1675	527.1273	646.6785	525.6993	32.9689	0.5378	0.5093
2016-04-04 19:54:31.179	598932363	False	7	630.9777	515.8743	633.5452	525.958	34.0254	618.4416	520.5577	620.632	527.056	35.1815	0.3491	0.4946	643.5137	511.1909	646.4584	524.8602	32.8693	0.5381	0.509
2016-04-04 19:54:31.212	598932396	False	7	637.3	499.6964	633.6396	524.3165	33.8563	625.0369	508.5723	620.8342	525.9826	35.5408	0.3494	0.4941	649.5631	490.8203	646.445	522.6504	32.1718	0.5382	0.5084
2016-04-04 19:54:31.245	598932429	False	7	631.7977	514.0871	633.4689	523.5866	33.9956	617.0498	520.1816	620.4863	525.7352	35.3142	0.3495	0.4939	646.5456	507.9925	646.4514	521.4379	32.677	0.5382	0.5083
2016-04-04 19:54:31.278	598932462	False	7	624.5767	515.6395	632.8464	522.964	33.9502	604.8796	516.6989	619.3845	525.1262	35.0872	0.3494	0.4936	644.2737	514.5802	646.3082	520.8018	32.8132	0.5382	0.508
2016-04-04 19:54:31.312	598932496	False	7	562.7715	528.2622	628.5623	523.1393	34.17475	542.6644	548.0281	614.73	526.5203	35.861	0.3482	0.4938	582.8787	508.4963	642.3946	519.7582	32.4885	0.5369	0.5076
2016-04-04 19:54:31.345	598932529	False	7	442.0204	534.3184	442.0204	534.3184	33.84345	408.8883	545.3263	408.8883	545.3263	35.5644	0.3459	0.4937	475.1526	523.3105	475.1526	523.3105	32.1225	0.5347	0.5074
2016-04-04 19:54:31.378	598932562	False	7	458.6872	543.5689	458.6872	543.5689	33.7863	448.1001	551.114	448.1001	551.114	35.3113	0.3462	0.4933	469.2744	536.0238	469.2744	536.0238	32.2613	0.5347	0.5071
2016-04-04 19:54:31.412	598932596	False	7	447.9547	537.188	453.3141	540.3744	34.17575	433.8996	540.3354	440.9908	545.7179	35.8445	0.3463	0.4928	462.0098	534.0406	465.6374	535.0309	32.507	0.5349	0.5066
2016-04-04 19:54:31.445	598932629	False	7	459.028	533.3367	455.2177	538.0131	34.0469	451.067	547.9117	444.3518	546.4431	35.8218	0.3467	0.4925	466.9891	518.7617	466.0837	529.5831	32.272	0.5353	0.5063
2016-04-04 19:54:31.478	598932662	False	7	448.2529	533.1882	453.4615	536.7831	34.10725	432.5422	547.814	441.3769	546.7849	35.7637	0.3469	0.4923	463.9635	518.5624	465.5461	526.7814	32.4508	0.5357	0.5064
2016-04-04 19:54:31.511	598932695	False	7	443.7891	542.3866	451.4872	537.9033	33.807	429.7148	554.9031	438.9938	548.4324	35.4028	0.3471	0.4923	457.8633	529.8701	463.9805	527.3743	32.2112	0.536	0.5065
2016-04-04 19:54:31.545	598932729	False	7	450.9323	541.339	451.3676	538.4843	34.1916	439.274	545.4781	439.0093	547.9415	35.907	0.3474	0.492	462.5906	537.1999	463.7258	529.0272	32.4762	0.5363	0.5065
2016-04-04 19:54:31.578	598932762	False	7	396.0356	552.6603	443.1784	540.5789	34.2822	382.9604	558.5032	430.7096	549.5061	35.9397	0.3464	0.4918	409.1108	546.8173	455.6471	531.6516	32.6247	0.5352	0.5061
2016-04-04 19:54:31.611	598932795	False	7	390.4462	545.4602	436.166	541.2457	34.24085	381.0074	552.6434	424.0876	549.9412	36.0423	0.3461	0.4914	399.8849	538.277	448.2445	532.5503	32.4394	0.5349	0.5055
2016-04-04 19:54:31.645	598932829	False	7	389.1908	550.4145	430.4267	542.3595	34.2697	372.998	553.5115	417.8659	550.3896	35.9902	0.3457	0.4915	405.3836	547.3175	442.9874	534.3295	32.5492	0.5348	0.5054
2016-04-04 19:54:31.678	598932862	False	7	383.5081	529.2216	425.1009	541.0012	34.26785	367.681	536.6838	412.1825	548.952	35.9495	0.3454	0.4917	399.3351	521.7592	438.0193	533.0504	32.5862	0.5345	0.5057
2016-04-04 19:54:31.711	598932895	False	7	436.8323	538.0009	425.9004	540.7221	34.2978	413.7941	538.2202	411.9661	547.8892	35.6069	0.3461	0.4926	459.8706	537.7815	439.8347	533.5551	32.9887	0.5355	0.5066
2016-04-04 19:54:31.744	598932928	False	7	645.4469	509.6082	645.4469	509.6082	33.87155	621.3616	518.0383	621.3616	518.0383	35.7145	0.3499	0.4931	669.5323	501.1782	669.5323	501.1782	32.0286	0.539	0.5074
2016-04-04 19:54:31.778	598932962	False	7	627.3982	518.5092	627.3982	518.5092	34.03495	603.9484	503.1098	603.9484	503.1098	35.4879	0.3496	0.494	650.848	533.9085	650.848	533.9085	32.582	0.5388	0.5086
2016-04-04 19:54:31.811	598932995	False	7	631.7753	522.2437	629.5895	520.3788	33.6029	614.9904	519.4071	609.4764	511.2688	35.3998	0.3496	0.4951	648.5603	525.0803	649.7027	529.4887	31.806	0.5388	0.5094
2016-04-04 19:54:31.844	598933028	False	7	637.9256	523.4442	632.3838	521.4081	33.82295	608.355	521.7825	609.1105	514.8021	35.6745	0.3498	0.4954	667.4962	525.106	655.6572	528.0141	31.9714	0.5391	0.5098
2016-04-04 19:54:31.878	598933062	False	7	632.1638	512.136	632.3417	519.0756	34.1384	613.7181	496.9362	610.2782	510.3195	35.5147	0.35	0.4951	650.6094	527.3357	654.4052	527.8318	32.7621	0.5392	0.5098
2016-04-04 19:54:31.911	598933095	False	7	624.1896	513.1362	630.6965	517.8603	33.45675	599.3951	514.7422	608.0797	511.209	34.8926	0.3501	0.495	648.9841	511.5302	653.3135	524.5118	32.0209	0.5394	0.5095
2016-04-04 19:54:31.944	598933128	False	7	626.5408	518.2067	629.9823	517.9016	33.88635	609.5367	508.5799	608.319	510.7608	35.3567	0.3504	0.4945	643.5449	527.8336	651.6455	525.0424	32.416	0.5394	0.5092
2016-04-04 19:54:31.977	598933161	False	7	626.1187	516.2046	629.3995	517.6366	33.8244	614.143	514.3438	609.1734	511.285	35.3371	0.3504	0.4943	638.0944	518.0654	649.6259	523.9882	32.3117	0.5394	0.509
2016-04-04 19:54:32.011	598933195	False	7	626.844	521.2949	629.0475	518.0985	33.75425	620.2975	529.257	610.6327	513.6347	35.5034	0.3504	0.4942	633.3904	513.3328	647.4623	522.5623	32.0051	0.5393	0.5084
2016-04-04 19:54:32.044	598933228	False	7	625.6572	521.196	628.6276	518.4561	33.6883	602.7719	521.8386	609.7369	514.6377	35.1198	0.3502	0.4939	648.5425	520.5535	647.5184	522.2746	32.2568	0.5394	0.5084
2016-04-04 19:54:32.077	598933261	False	7	622.3491	525.4558	627.9279	519.208	34.16995	610.4116	516.9479	609.8182	514.9371	35.2439	0.3504	0.4936	634.2866	533.9637	646.0377	523.4789	33.096	0.5394	0.5083
2016-04-04 19:54:32.111	598933295	False	7	629.9592	534.676	628.0923	520.7563	34.0999	626.0549	532.1449	611.436	516.6932	35.2529	0.3507	0.4933	633.8636	537.2071	644.7485	524.8193	32.9469	0.5395	0.508
2016-04-04 19:54:32.145	598933329	False	7	633.4856	525.9594	628.5614	521.2856	34.2435	622.0223	531.9454	612.4575	518.1858	35.2286	0.3508	0.4932	644.9489	519.9732	644.6654	524.3852	33.2584	0.5398	0.5077
2016-04-04 19:54:32.178	598933362	False	7	629.9995	536.6392	628.6722	522.6747	34.10885	613.7227	525.6163	612.6312	518.9417	34.9774	0.3509	0.493	646.2762	547.662	644.7134	526.4077	33.2403	0.5401	0.508
2016-04-04 19:54:32.211	598933395	False	7	624.0698	530.2516	628.2853	523.3846	34.1856	608.035	518.4377	612.3152	519.0189	34.9765	0.351	0.4931	640.1047	542.0655	644.2552	527.7504	33.3947	0.5401	0.5081
2016-04-04 19:54:32.245	598933429	False	7	635.4558	521.8778	628.8279	523.3652	34.1131	619.4536	512.4839	612.9197	518.6149	34.7333	0.3512	0.4931	651.4581	531.2717	644.7362	528.1155	33.4929	0.5404	0.5083
2016-04-04 19:54:32.278	598933462	False	7	633.3278	544.3951	629.1657	525.0289	34.06595	621.3911	528.2451	613.6132	519.4194	34.866	0.3512	0.4932	645.2645	560.5451	644.7182	530.6385	33.2659	0.5403	0.5085
2016-04-04 19:54:32.311	598933495	False	7	623.1424	530.9274	628.7432	525.5858	34.21825	608.1378	514.9598	613.2924	519.1958	35.1073	0.351	0.4929	638.147	546.8949	644.194	531.9757	33.3292	0.5401	0.5081
2016-04-04 19:54:32.344	598933528	False	7	622.9135	515.7872	628.3339	525.0386	33.9275	606.8649	508.1415	612.8992	518.5034	34.5274	0.3507	0.4925	638.962	523.433	643.7687	531.5739	33.3276	0.54	0.5077
2016-04-04 19:54:32.378	598933562	False	7	642.237	546.2415	629.2582	526.5749	34.41515	629.2879	546.7411	614.0421	520.4573	35.2665	0.3507	0.4927	655.1861	545.7419	644.4742	532.6924	33.5638	0.5398	0.5074
2016-04-04 19:54:32.411	598933595	False	7	630.3237	526.3794	629.3481	526.7081	34.3117	626.9149	517.3309	614.9617	520.3596	35.9112	0.3503	0.4924	633.7327	535.4279	643.7346	533.0568	32.7122	0.5395	0.5073
2016-04-04 19:54:32.444	598933628	False	7	633.9342	527.7479	629.6652	526.9095	34.05575	617.932	523.9691	615.2511	520.6832	35.7335	0.3501	0.4931	649.9365	531.5267	644.0792	533.1359	32.378	0.5393	0.5078
2016-04-04 19:54:32.478	598933662	False	7	641.9124	535.1936	630.4702	527.558	34.4763	628.0378	529.7128	616.1561	521.3447	36.416	0.3499	0.4939	655.787	540.6744	644.7845	533.7714	32.5366	0.5392	0.5086
2016-04-04 19:54:32.511	598933695	False	7	643.5371	521.5504	631.3427	527.3228	34.31745	633.4175	521.0771	617.3494	521.4352	36.3485	0.3498	0.4945	653.6567	522.0236	645.3362	533.2104	32.2864	0.539	0.5091
MSG	2016-04-04 19:54:32.511	598933695	image online at 19167
2016-04-04 19:54:32.544	598933728	False	7	642.3645	516.7062	632.1093	526.7852	34.007	625.1453	528.6334	617.9856	521.9711	36.0071	0.3497	0.4952	659.5837	504.779	646.2328	531.5993	32.0069	0.539	0.5095
2016-04-04 19:54:32.578	598933762	False	7	636.2819	523.7122	632.4793	526.6707	34.33405	627.4219	522.5113	618.7236	522.1109	36.3856	0.3497	0.4955	645.142	524.9131	646.2352	531.2305	32.2825	0.5388	0.51
2016-04-04 19:54:32.611	598933795	False	7	630.6986	517.6719	632.5598	526.2829	33.9095	621.2794	531.9337	619.2438	523.0334	36.3472	0.3499	0.4951	640.1177	503.4102	645.8759	529.5325	31.4718	0.5389	0.5095
2016-04-04 19:54:32.644	598933828	False	7	626.1656	528.0232	632.295	526.4504	34.40655	614.103	529.4907	619.155	523.5673	36.4507	0.3501	0.495	638.2283	526.5557	645.435	529.3336	32.3624	0.5391	0.5098
2016-04-04 19:54:32.677	598933861	False	7	645.8315	520.9271	633.1249	526.1641	33.86555	626.3869	516.8071	619.8607	523.2911	36.0897	0.3503	0.494	665.2761	525.0471	646.3895	529.0372	31.6414	0.5394	0.5092
2016-04-04 19:54:32.711	598933895	False	7	637.5543	536.6508	633.5236	526.9516	33.965	622.7543	525.4442	620.2475	523.8223	36.135	0.3501	0.4934	652.3543	547.8574	646.7997	530.0809	31.795	0.539	0.5089
2016-04-04 19:54:32.744	598933928	False	7	626.3026	529.0278	633.3271	527.2436	33.9858	617.4958	524.4398	620.4662	524.025	35.1959	0.3496	0.4934	635.1094	533.6158	646.188	530.4622	32.7757	0.5384	0.5086
2016-04-04 19:54:32.777	598933961	False	7	626.1263	525.437	633.0634	527.235	33.96	617.185	530.5564	620.4951	524.6496	35.0634	0.3488	0.4931	635.0676	520.3176	645.6316	529.8203	32.8566	0.5376	0.5081
2016-04-04 19:54:32.810	598933994	False	7	627.8474	535.7429	632.8871	527.8569	34.0236	619.2587	538.8026	620.5637	525.6696	35.1422	0.348	0.4943	636.4361	532.6831	645.2106	530.0444	32.905	0.5368	0.5092
2016-04-04 19:54:32.843	598934027	False	7	693.6654	516.121	636.6384	527.2222	33.96045	687.8536	525.0442	624.6596	525.6581	35.1687	0.3486	0.4946	699.4772	507.1979	648.6172	528.7862	32.7522	0.5373	0.5096
2016-04-04 19:54:32.877	598934061	False	7	704.8738	528.0618	641.0531	527.3003	33.8588	694.3303	509.6212	629.3394	524.8095	34.6494	0.3482	0.495	715.4172	546.5024	652.7668	529.7912	33.0682	0.537	0.5103
2016-04-04 19:54:32.911	598934095	False	7	716.4279	536.8973	646.1571	527.8539	33.23795	706.1978	531.1812	634.5729	525.3054	34.6215	0.3477	0.496	726.6579	542.6134	657.7416	530.4024	31.8544	0.5364	0.5107
2016-04-04 19:54:32.944	598934128	False	7	708.8059	541.3754	650.6387	528.5663	32.44	689.2644	531.8814	638.5222	525.6422	33.6314	0.3472	0.496	728.3474	550.8694	662.7551	531.4904	31.2486	0.5361	0.5108
2016-04-04 19:54:32.977	598934161	False	7	708.9678	518.4592	655.0053	528.0204	31.57455	701.0401	520.2294	643.1557	525.287	32.6792	0.3472	0.496	716.8955	516.689	666.8552	530.7538	30.4699	0.5359	0.5103
2016-04-04 19:54:33.010	598934194	False	7	710.3863	530.0377	659.4038	528.0373	30.61435	692.5848	528.7542	647.2831	525.5256	31.6756	0.3473	0.4957	728.1878	531.3212	671.5247	530.549	29.5531	0.5361	0.5101
2016-04-04 19:54:33.043	598934227	False	7	697.4503	509.13	662.9773	526.8902	29.1504	683.717	507.4104	650.817	524.5638	30.1511	0.3476	0.4953	711.1835	510.8496	675.1375	529.2166	28.1497	0.5364	0.5097
2016-04-04 19:54:33.077	598934261	False	7	712.3053	521.913	667.1599	526.6194	29.23295	710.1296	513.0839	655.6465	524.0017	30.4399	0.3483	0.495	714.481	530.7421	678.6733	529.237	28.026	0.5368	0.5098
2016-04-04 19:54:33.110	598934294	False	7	707.9646	514.4539	670.9672	525.6221	28.6311	704.7353	511.0521	659.9797	523.1085	29.7466	0.349	0.4949	711.194	517.8556	681.9551	528.1357	27.5156	0.5375	0.5097
2016-04-04 19:54:33.144	598934328	False	7	708.8739	519.0476	674.796	525.0986	27.9996	713.0512	513.0733	664.8118	522.5114	29.2374	0.3498	0.495	704.6965	525.0219	684.7802	527.6859	26.7618	0.5383	0.51
2016-04-04 19:54:33.177	598934361	False	7	712.1965	501.3948	678.643	523.7133	26.97955	716.6021	509.0541	669.6766	521.7526	28.4545	0.3506	0.4948	707.791	493.7355	687.6098	525.674	25.5046	0.5392	0.5101
2016-04-04 19:54:33.210	598934394	False	7	712.2861	494.6833	682.0672	521.549	26.33115	707.5632	512.1995	673.5131	520.7036	27.6978	0.3513	0.4949	717.009	477.1671	690.6212	522.3943	24.9645	0.5401	0.5103
2016-04-04 19:54:33.244	598934428	False	7	719.6945	507.5686	685.9111	520.4526	26.1179	721.57	522.4727	678.0333	520.6867	27.7034	0.352	0.4951	717.8189	492.6645	693.7889	520.2186	24.5324	0.5406	0.5107
2016-04-04 19:54:33.277	598934461	False	7	712.6276	511.1998	689.0897	519.5842	25.8078	712.4944	512.589	681.9165	520.0055	26.8803	0.3523	0.4951	712.7607	509.8105	696.2631	519.1629	24.7353	0.541	0.5111
2016-04-04 19:54:33.310	598934494	False	7	713.514	500.8068	692.0286	518.0332	25.6209	725.7728	518.1521	686.251	519.6114	26.9389	0.3527	0.4952	701.2552	483.4615	697.8062	516.455	24.3029	0.5412	0.5109
2016-04-04 19:54:33.343	598934527	False	7	593.8726	462.713	687.5724	514.4083	24.93435	597.6513	490.0642	682.6071	517.6681	26.0056	0.3505	0.4948	590.0939	435.3618	590.0939	435.3618	23.8631	0.539	0.5101
2016-04-04 19:54:33.376	598934560	False	7	505.3763	453.8068	505.3763	453.8068	24.4343	507.3045	467.4122	507.3045	467.4122	25.849	0.349	0.4943	503.4481	440.2014	503.4481	440.2014	23.0196	0.5373	0.5096
2016-04-04 19:54:33.410	598934594	False	7	509.1387	478.1116	509.1387	478.1116	25.022	520.5013	504.2025	520.5013	504.2025	26.1432	0.3491	0.4943	497.776	452.0207	500.6084	446.1186	23.9008	0.5373	0.5092
2016-04-04 19:54:33.443	598934627	False	7	517.6751	448.3521	513.4123	463.2128	24.65925	520.0461	445.307	520.2734	474.7172	25.218	0.349	0.4933	515.3041	451.397	505.523	447.8956	24.1005	0.5374	0.5089
2016-04-04 19:54:33.476	598934660	False	7	513.2891	478.7275	513.3783	468.3812	24.77535	531.2139	509.6825	523.9354	486.3719	26.3624	0.3489	0.4937	495.3644	447.7726	502.9759	447.8787	23.1883	0.5371	0.5084
2016-04-04 19:54:33.510	598934694	False	7	515.3716	472.5078	513.8864	469.423	24.80645	528.7809	501.3169	525.1712	490.1489	25.8912	0.3488	0.4936	501.9624	443.6987	502.7665	447.041	23.7217	0.5371	0.5085
2016-04-04 19:54:33.543	598934727	False	7	513.377	471.6844	513.7901	469.8894	24.636	517.8859	487.4672	523.7101	489.6332	25.398	0.3487	0.4935	508.8681	455.9016	503.8026	448.5542	23.874	0.5372	0.5087
2016-04-04 19:54:33.576	598934760	False	7	483.5852	440.6806	508.6432	464.9173	23.9751	500.2774	459.786	519.7159	484.5618	25.0548	0.3483	0.4931	466.893	421.5752	498.3619	444.5898	22.8954	0.5365	0.5082
MSG	2016-04-04 19:54:33.576	598934760	image offline at 20201
MSG	2016-04-04 19:54:33.576	598934760	TRIALEND 0
2016-04-04 19:54:33.610	598934794	False	7	376.4701	398.1799	376.4701	398.1799	24.35955	387.3671	425.2604	387.3671	425.2604	25.5762	0.3465	0.4926	365.5731	371.0994	365.5731	371.0994	23.1429	0.5345	0.5073
MSG	2016-04-04 19:54:33.610	598934794	stop_recording
MSG	2016-04-04 19:54:33.710	598934894	start_recording
MSG	2016-04-04 19:54:33.710	598934894	TRIALSTART 1
MSG	2016-04-04 19:54:33.710	598934894	IMAGENAME bikinishop.jpg
2016-04-04 19:54:33.743	598934927	False	7	415.052	420.2078	393.2036	409.9465	25.0491	417.0338	439.9021	399.9375	429.0462	25.8198	0.3461	0.4934	413.0702	400.5135	386.4696	390.8468	24.2784	0.5344	0.5082
2016-04-04 19:54:33.776	598934960	False	7	416.6534	438.1061	398.0149	415.6812	25.42905	430.0824	458.969	406.0962	435.1447	26.3199	0.346	0.4938	403.2243	417.2432	389.9336	396.2177	24.5382	0.5341	0.5085
2016-04-04 19:54:33.810	598934994	False	7	422.0918	436.5107	402.2026	419.2958	25.6843	430.1366	450.4317	410.2791	437.8216	26.7711	0.346	0.494	414.047	422.5896	394.1261	400.7699	24.5975	0.5342	0.5087
2016-04-04 19:54:33.843	598935027	False	7	417.8903	439.9973	404.6309	422.4421	25.7407	429.3665	464.8136	413.2104	441.8927	26.9647	0.346	0.4942	406.4141	415.1811	396.0515	402.9914	24.5167	0.5342	0.5088
2016-04-04 19:54:33.876	598935060	False	7	408.11	420.3171	405.2132	422.2833	25.7231	430.9103	446.2981	415.6574	442.5956	26.826	0.3463	0.494	385.3096	394.336	394.769	401.9709	24.6202	0.5343	0.5085
2016-04-04 19:54:33.909	598935093	False	7	410.8001	435.8983	405.989	423.9836	25.7493	426.9073	457.3925	417.1344	444.4559	27.0336	0.3465	0.494	394.6929	414.4041	394.8435	403.5113	24.465	0.5345	0.5088
2016-04-04 19:54:33.943	598935127	False	7	420.179	431.2471	407.628	424.8795	25.8814	429.103	452.5022	418.5787	445.4569	26.9138	0.3469	0.4936	411.255	409.9921	396.6774	404.3021	24.849	0.5351	0.5085
2016-04-04 19:54:33.976	598935160	False	7	620.7926	495.1308	620.7926	495.1308	26.4872	625.3071	494.6554	625.3071	494.6554	27.1878	0.3507	0.4946	616.278	495.6061	616.278	495.6061	25.7866	0.5388	0.5101
2016-04-04 19:54:34.009	598935193	False	7	613.4861	501.7575	613.4861	501.7575	26.4788	622.4686	495.0252	622.4686	495.0252	26.9389	0.3507	0.4946	604.5037	508.4897	604.5037	508.4897	26.0187	0.5388	0.5102
2016-04-04 19:54:34.043	598935227	False	7	615.8286	481.1954	614.6589	491.4633	26.3134	627.531	513.4384	625.0031	504.2436	27.8223	0.3507	0.4948	604.1263	448.9523	604.3148	478.683	24.8045	0.5388	0.5096
2016-04-04 19:54:34.076	598935260	False	7	611.7024	475.8951	613.6712	486.2344	25.7653	622.4052	479.1234	624.1377	495.8502	27.026	0.3505	0.4943	600.9996	472.6668	603.2047	476.6186	24.5046	0.5388	0.5098
2016-04-04 19:54:34.109	598935293	False	7	640.8079	474.0555	620.5137	483.1297	26.5852	646.4322	465.8451	629.761	488.2616	27.7388	0.3509	0.4938	635.1835	482.2659	611.2663	477.9978	25.4316	0.5391	0.5096
2016-04-04 19:54:34.143	598935327	False	7	647.5953	494.1852	626.0526	485.33	26.9989	645.6234	482.2055	633.0161	486.9697	28.1358	0.3507	0.494	649.5674	506.1649	619.0892	483.6903	25.862	0.5392	0.5097
2016-04-04 19:54:34.176	598935360	False	7	634.2557	487.5129	627.5309	485.6844	26.9628	642.4076	502.8091	634.6731	489.6095	28.5537	0.3506	0.4943	626.1039	472.2167	620.3887	481.7593	25.3719	0.539	0.5095
2016-04-04 19:54:34.209	598935393	False	7	637.1163	483.3709	629.0279	485.3321	27.45745	637.8345	504.2736	635.2039	491.7506	29.091	0.3505	0.4946	636.3981	462.4682	622.852	478.9135	25.8239	0.5391	0.5096
MSG	2016-04-04 19:54:34.209	598935393	image online at 20851
2016-04-04 19:54:34.242	598935426	False	7	628.2516	482.5228	629.016	484.9517	27.29865	634.1001	487.558	635.1212	491.2118	28.7117	0.3504	0.4946	622.4032	477.4875	622.9109	478.6916	25.8856	0.539	0.5099
2016-04-04 19:54:34.276	598935460	False	7	637.5959	504.802	630.1013	487.2679	27.9835	644.1778	519.1392	636.2372	494.4947	29.5099	0.3507	0.4948	631.0142	490.4648	623.9655	480.0413	26.4571	0.5391	0.5101
2016-04-04 19:54:34.309	598935493	False	7	631.6349	488.7794	630.3511	487.4564	27.87955	628.262	474.2593	635.4455	492.3821	28.9446	0.3507	0.4945	635.0078	503.2995	625.257	482.5309	26.8145	0.5393	0.5102
2016-04-04 19:54:34.342	598935526	False	7	635.7949	483.1687	630.9694	487.0594	28.32385	640.6685	482.4181	636.0027	491.4052	29.5176	0.3509	0.4946	630.9214	483.9193	625.9363	482.7134	27.1301	0.5394	0.5101
2016-04-04 19:54:34.376	598935560	False	7	629.9773	484.0359	630.96	486.7962	28.44545	645.1249	477.5714	636.8914	490.1153	29.6906	0.351	0.4941	614.8298	490.5003	625.0287	483.4772	27.2003	0.5393	0.51
2016-04-04 19:54:34.409	598935593	False	7	629.8402	481.1333	630.9341	486.3128	28.3172	639.215	469.7428	637.1547	488.3046	29.3382	0.3511	0.494	620.4655	492.5237	624.7135	484.321	27.2962	0.5394	0.5101
2016-04-04 19:54:34.442	598935626	False	7	630.0828	497.6235	630.9252	487.2365	29.1271	635.8207	500.8551	637.106	489.2497	30.6039	0.351	0.4943	624.3447	494.3918	624.7444	485.2234	27.6503	0.5395	0.5101
2016-04-04 19:54:34.476	598935660	False	7	623.1864	488.0221	630.3719	487.3192	29.0664	630.1886	484.4542	636.6164	488.8238	30.2716	0.351	0.4939	616.1843	491.5899	624.1273	485.8143	27.8612	0.5394	0.51
2016-04-04 19:54:34.510	598935694	False	7	636.7388	503.5602	630.8769	488.558	29.4471	639.9644	515.5262	636.8975	490.7673	30.8349	0.3511	0.4948	633.5132	491.5942	624.8563	486.3485	28.0593	0.5395	0.5106
2016-04-04 19:54:34.543	598935727	False	7	663.9484	419.363	633.3014	483.6254	29.12415	662.3867	430.6364	638.7704	486.4406	30.2436	0.3518	0.493	665.5101	408.0896	627.8323	480.8103	28.0047	0.54	0.5089
2016-04-04 19:54:34.576	598935760	False	7	673.8183	440.3356	636.2414	480.4929	29.66805	680.0983	437.3487	641.7448	482.8819	30.9785	0.3515	0.4929	667.5383	443.3225	630.7381	478.1038	28.3576	0.5397	0.509
2016-04-04 19:54:34.609	598935793	False	7	666.745	434.4873	638.5119	477.164	29.19495	672.2679	435.6032	643.9982	479.4341	30.51	0.3508	0.4929	661.2221	433.3714	633.0258	474.894	27.8799	0.5391	0.5088
2016-04-04 19:54:34.643	598935827	False	7	672.8295	440.452	641.0425	474.4248	28.932	670.3484	451.6741	645.9868	477.2522	30.479	0.3505	0.4929	675.3105	429.23	636.0981	471.5976	27.385	0.5389	0.5082
2016-04-04 19:54:34.676	598935860	False	7	672.5988	409.3754	643.4125	469.842	28.55585	683.5353	423.1539	648.7068	473.368	30.0515	0.3503	0.4925	661.6623	395.5968	638.1182	466.3161	27.0602	0.5384	0.5076
2016-04-04 19:54:34.709	598935893	False	7	678.6776	406.692	646.0344	465.3197	27.77595	688.5867	419.4504	651.6018	469.452	29.4971	0.3504	0.4925	668.7686	393.9337	640.4668	461.1873	26.0548	0.5386	0.5076
2016-04-04 19:54:34.742	598935926	False	7	666.1349	409.5532	647.7432	461.1929	26.97705	673.9412	419.7813	653.4453	465.7516	28.2121	0.3506	0.4924	658.3286	399.325	642.0412	456.6342	25.742	0.5389	0.5076
2016-04-04 19:54:34.775	598935959	False	7	671.8638	386.4795	649.6997	455.8594	26.23245	671.9418	395.8293	655.062	460.7744	27.334	0.3511	0.4919	671.7859	377.1296	644.3375	450.9445	25.1309	0.5395	0.5074
2016-04-04 19:54:34.809	598935993	False	7	699.8916	401.3157	653.2333	451.6501	25.79485	709.0985	400.3272	658.8151	456.2854	26.7521	0.3526	0.4919	690.6847	402.3042	647.6516	447.0148	24.8376	0.5408	0.5078
2016-04-04 19:54:34.842	598936026	False	7	1029.651	348.0397	1029.651	348.0397	25.01665	1049.4414	311.7679	1049.4414	311.7679	25.9698	0.3589	0.4919	1009.8607	384.3114	1009.8607	384.3114	24.0635	0.5465	0.5084
2016-04-04 19:54:34.875	598936059	False	7	1030.964	346.8728	1030.964	346.8728	24.8604	1051.2389	308.4075	1051.2389	308.4075	25.5333	0.3592	0.4917	1010.6891	385.338	1010.6891	385.338	24.1875	0.547	0.5085
2016-04-04 19:54:34.909	598936093	False	7	1022.7401	349.6163	1026.8469	348.2463	24.67045	1051.23	327.1831	1051.2344	317.8073	25.7836	0.3594	0.492	994.2502	372.0494	1002.4592	378.6852	23.5573	0.5472	0.5086
2016-04-04 19:54:34.943	598936127	False	7	1018.1952	361.7507	1023.9438	352.7692	24.31755	1035.2073	327.534	1045.8694	321.0793	25.1721	0.3594	0.4921	1001.1831	395.9674	1002.0181	384.4592	23.463	0.5473	0.5089
2016-04-04 19:54:34.975	598936159	False	7	1028.223	346.2131	1025.0068	351.1345	24.35905	1055.3396	317.7797	1048.2377	320.2712	25.6153	0.3596	0.492	1001.1065	374.6465	1001.7762	381.9977	23.1028	0.5474	0.5087
2016-04-04 19:54:35.009	598936193	False	7	838.6508	395.3365	987.1588	360.1152	24.61015	851.9041	402.8758	1008.3681	337.0592	25.8621	0.3557	0.4928	825.3975	387.7973	965.9495	383.1712	23.3582	0.5436	0.5088
2016-04-04 19:54:35.042	598936226	False	7	729.3207	399.7948	729.3207	399.7948	24.80295	745.1384	392.1007	745.1384	392.1007	25.7362	0.3538	0.4924	713.503	407.4889	713.503	407.4889	23.8697	0.5416	0.5088
2016-04-04 19:54:35.075	598936259	False	7	724.5954	368.7695	724.5954	368.7695	25.108	738.0385	383.912	738.0385	383.912	26.3713	0.3535	0.4921	711.1523	353.6271	711.1523	353.6271	23.8447	0.5413	0.5077
2016-04-04 19:54:35.108	598936292	False	7	732.6923	368.2045	728.649	368.4867	24.92725	731.1475	390.4177	734.5886	387.169	26.5101	0.3532	0.4922	734.2372	345.9914	722.7095	349.8044	23.3444	0.5414	0.5076
2016-04-04 19:54:35.142	598936326	False	7	725.2325	394.8869	727.5123	377.3237	25.32765	737.4523	412.2958	735.5414	395.5857	26.7491	0.353	0.4926	713.0126	377.478	719.483	359.0617	23.9062	0.5409	0.5081
2016-04-04 19:54:35.175	598936359	False	7	727.0552	378.7018	727.3978	377.7046	24.7258	739.0804	396.8645	736.4333	395.9444	26.252	0.3528	0.4925	715.03	360.5392	718.3621	359.4648	23.1996	0.5409	0.5079
2016-04-04 19:54:35.208	598936392	False	7	739.3015	386.4164	729.8148	379.5021	25.16905	740.4006	399.3067	737.2438	396.6578	26.9253	0.3528	0.4927	738.2024	373.5261	722.3857	362.3465	23.4128	0.541	0.5081
2016-04-04 19:54:35.241	598936425	False	7	688.8071	477.5777	722.8404	396.2689	25.76785	698.4985	491.5408	730.646	412.8725	27.348	0.3519	0.4948	679.1158	463.6146	715.0349	379.6652	24.1877	0.5396	0.51
MSG	2016-04-04 19:54:35.241	598936425	image offline at 21867
MSG	2016-04-04 19:54:35.241	598936425	TRIALEND 1
2016-04-04 19:54:35.276	598936460	False	7	602.4688	695.9011	602.4688	695.9011	25.3627	614.6214	718.5129	614.6214	718.5129	27.4126	0.3505	0.4988	590.316	673.2892	590.316	673.2892	23.3128	0.538	0.5135
MSG	2016-04-04 19:54:35.276	598936460	stop_recording
MSG	2016-04-04 19:54:35.375	598936559	start_recording
MSG	2016-04-04 19:54:35.375	598936559	TRIALSTART 2
MSG	2016-04-04 19:54:35.375	598936559	IMAGENAME EyeLink_II.jpg
2016-04-04 19:54:35.409	598936593	False	7	605.4926	686.7247	603.4939	693.3308	26.28285	606.8806	704.6064	608.8452	712.8207	28.1793	0.3503	0.4987	604.1046	668.843	598.1425	673.8408	24.3864	0.5387	0.5138
2016-04-04 19:54:35.442	598936626	False	7	603.9656	693.6996	603.6172	693.3859	26.41075	610.7494	700.7734	609.2341	710.3654	28.3927	0.3504	0.4985	597.1818	686.6259	598.0004	676.4065	24.4288	0.5387	0.5138
2016-04-04 19:54:35.476	598936660	False	7	609.9069	689.9241	604.7134	692.7798	26.00995	617.7582	708.1917	610.693	709.9665	27.8314	0.3505	0.4985	602.0557	671.6564	598.734	675.593	24.1885	0.5388	0.5136
2016-04-04 19:54:35.509	598936693	False	7	612.8833	682.0247	605.9506	691.1728	25.92415	614.2958	693.9025	611.2445	707.5677	27.6632	0.3505	0.4983	611.4708	670.1469	600.6566	674.778	24.1851	0.539	0.5135
2016-04-04 19:54:35.542	598936726	False	7	653.5093	508.472	653.5093	508.472	26.4842	664.0067	515.8029	664.0067	515.8029	27.6557	0.3518	0.4947	643.0119	501.1411	643.0119	501.1411	25.3127	0.5396	0.5102
2016-04-04 19:54:35.575	598936759	False	7	650.3906	503.6194	650.3906	503.6194	26.2682	654.2151	499.5291	654.2151	499.5291	27.4633	0.3515	0.4944	646.5662	507.7096	646.5662	507.7096	25.0731	0.5396	0.5103
2016-04-04 19:54:35.608	598936792	False	7	650.2903	498.4519	650.3404	501.0323	26.062	660.8155	484.3352	657.5195	491.9225	27.1638	0.3514	0.4945	639.765	512.5687	643.1612	510.1422	24.9602	0.5394	0.5104
2016-04-04 19:54:35.642	598936826	False	7	650.5039	504.2082	650.3951	502.0911	25.9133	649.5057	500.3664	654.8425	494.7362	26.9713	0.3513	0.4946	651.5021	508.0499	645.9476	509.446	24.8553	0.5395	0.5103
2016-04-04 19:54:35.675	598936859	False	7	649.9648	475.2582	650.2868	495.3238	25.9706	649.6267	496.8033	653.5209	495.2587	27.6725	0.3513	0.4945	650.3029	453.7133	647.0525	495.3888	24.2687	0.5395	0.5097
2016-04-04 19:54:35.708	598936892	False	7	648.3362	503.0539	649.8901	496.853	25.96295	658.5709	525.3058	654.5335	501.3643	27.6547	0.3514	0.4948	638.1016	480.8019	645.2466	492.3417	24.2712	0.5395	0.51
MSG	2016-04-04 19:54:35.708	598936892	image online at 22335
2016-04-04 19:54:35.742	598936926	False	7	649.0662	494.801	649.7458	496.4827	26.2607	661.3023	500.8037	655.686	501.3234	27.7847	0.3514	0.4943	636.83	488.7982	643.8055	491.642	24.7367	0.5395	0.51
2016-04-04 19:54:35.775	598936959	False	7	633.949	494.4369	647.4094	496.1598	25.7745	641.6771	506.1029	653.6292	502.0744	26.8613	0.3512	0.4944	626.2208	482.7708	641.1896	490.2453	24.6877	0.5394	0.5099
2016-04-04 19:54:35.809	598936993	False	7	645.8735	489.2253	647.1743	495.2325	26.13025	658.6379	491.3371	654.2656	500.7209	27.3608	0.3514	0.4942	633.1091	487.1136	640.0829	489.744	24.8997	0.5395	0.51
2016-04-04 19:54:35.842	598937026	False	7	640.5205	452.8254	646.3584	490.2146	25.86445	638.2783	487.8401	652.3807	499.2277	27.2611	0.351	0.494	642.7627	417.8106	640.336	481.2014	24.4678	0.5393	0.509
2016-04-04 19:54:35.875	598937059	False	7	639.8159	480.1142	645.6127	489.0135	26.4857	655.0969	491.1112	652.634	498.3482	27.907	0.3509	0.4936	624.5349	469.1172	638.5911	479.6789	25.0644	0.5389	0.5091
2016-04-04 19:54:35.908	598937092	False	7	645.2922	498.7511	645.5275	489.8507	26.7884	657.9065	512.2405	653.1277	499.6983	28.1427	0.3504	0.494	632.6779	485.2617	637.9274	480.0033	25.4341	0.5385	0.5093
2016-04-04 19:54:35.941	598937125	False	7	656.7535	510.1008	646.5154	491.6268	27.2125	671.1457	518.5598	654.7773	501.4461	28.5237	0.3502	0.4944	642.3613	501.6418	638.2534	481.8076	25.9013	0.5383	0.5096
2016-04-04 19:54:35.974	598937158	False	7	644.256	491.098	646.3004	491.5417	27.11595	657.881	515.2584	655.0745	502.6924	28.6023	0.35	0.4944	630.631	466.9375	637.5263	480.3911	25.6296	0.5382	0.5096
2016-04-04 19:54:36.009	598937193	False	7	425.1625	450.1839	425.1625	450.1839	27.1821	431.2072	474.6256	431.2072	474.6256	29.0013	0.3461	0.4943	419.1179	425.7422	419.1179	425.7422	25.3629	0.5341	0.5091
2016-04-04 19:54:36.042	598937226	False	7	377.3782	456.6446	377.3782	456.6446	27.6348	387.227	474.2155	387.227	474.2155	29.5733	0.3452	0.4941	367.5293	439.0736	367.5293	439.0736	25.6963	0.5331	0.5088
2016-04-04 19:54:36.075	598937259	False	7	380.992	437.2236	379.1874	446.9217	27.19595	393.532	459.2411	390.3835	466.7188	28.6658	0.3448	0.4943	368.452	415.2061	367.9912	427.1246	25.7261	0.5327	0.5089
2016-04-04 19:54:36.108	598937292	False	7	384.7653	454.4256	381.0576	449.4172	27.1027	388.4605	472.4422	389.7451	468.622	28.6691	0.3444	0.4945	381.0701	436.409	372.3702	430.2123	25.5363	0.5326	0.5088
2016-04-04 19:54:36.141	598937325	False	7	390.6091	468.4218	383.4763	454.208	27.4254	399.0231	474.3489	392.0869	470.0644	28.8757	0.3444	0.494	382.1951	462.4946	374.8656	438.3517	25.9751	0.5324	0.5086
2016-04-04 19:54:36.175	598937359	False	7	383.8097	446.8654	383.566	452.744	27.2225	399.6665	468.5462	393.6414	469.7632	28.6747	0.3448	0.494	367.9529	425.1847	373.4906	435.7249	25.7703	0.5327	0.5083
2016-04-04 19:54:36.208	598937392	False	7	771.7507	421.6179	771.7507	421.6179	27.18125	771.0714	427.8294	771.0714	427.8294	28.0807	0.3526	0.4933	772.4301	415.4064	772.4301	415.4064	26.2818	0.5405	0.5085
2016-04-04 19:54:36.241	598937425	False	7	947.2074	452.5825	947.2074	452.5825	27.1996	955.7737	435.0084	955.7737	435.0084	27.6997	0.3566	0.4937	938.641	470.1566	938.641	470.1566	26.6995	0.5441	0.5099
2016-04-04 19:54:36.275	598937459	False	7	951.106	441.7008	949.1592	447.1347	26.727	971.5853	420.0635	963.6896	427.5264	27.4997	0.3574	0.4933	930.6268	463.338	934.6288	466.743	25.9543	0.5449	0.5098
2016-04-04 19:54:36.308	598937492	False	7	980.2763	449.017	959.579	447.7556	26.39155	1005.1907	436.7899	977.5955	430.6147	26.9579	0.3585	0.4939	955.3619	461.244	941.5625	464.8965	25.8252	0.546	0.5105
2016-04-04 19:54:36.341	598937525	False	7	1073.1013	562.7896	988.2551	476.7664	26.38995	1077.9786	564.5009	1002.9782	464.3875	27.6013	0.3601	0.4966	1068.2239	561.0782	973.5319	489.1453	25.1786	0.5477	0.513
2016-04-04 19:54:36.374	598937558	False	7	1077.5574	754.6019	1006.5962	533.3568	25.56115	1087.3624	712.5387	1020.317	514.9844	25.5806	0.3599	0.5002	1067.7522	796.6652	992.8753	551.7292	25.5417	0.5472	0.5177
2016-04-04 19:54:36.408	598937592	False	7	1029.792	876.6696	1029.792	876.6696	27.41755	1041.0294	878.8012	1041.0294	878.8012	28.8413	0.3592	0.502	1018.5546	874.5379	1018.5546	874.5379	25.9938	0.5469	0.5184
2016-04-04 19:54:36.441	598937625	False	7	1012.1055	850.4652	1012.1055	850.4652	27.3712	1022.4288	856.2942	1022.4288	856.2942	29.0658	0.3589	0.5013	1001.782	844.6363	1001.782	844.6363	25.6766	0.5468	0.5177
2016-04-04 19:54:36.474	598937658	False	7	884.903	845.547	948.4232	848.003	28.10015	888.7871	859.0255	955.5228	857.6616	29.8023	0.3563	0.5011	881.0188	832.0685	941.3234	838.3444	26.398	0.5443	0.5171
2016-04-04 19:54:36.507	598937691	False	7	600.7339	612.6443	831.9261	769.2124	27.9202	605.2681	617.8765	838.1614	777.3958	29.6053	0.3514	0.4967	596.1996	607.412	825.6906	761.029	26.2351	0.539	0.5126
2016-04-04 19:54:36.540	598937724	False	7	584.5064	589.1949	768.9957	723.5033	28.15235	598.6376	599.93	777.2153	732.3295	30.233	0.3507	0.4963	570.3752	578.4598	760.776	714.6771	26.0717	0.5384	0.5119
2016-04-04 19:54:36.575	598937759	False	7	586.6328	603.1946	731.1709	698.557	28.26685	606.6233	614.5737	741.787	707.9048	30.0168	0.3504	0.4965	566.6424	591.8154	720.5547	689.2092	26.5169	0.5382	0.512
2016-04-04 19:54:36.608	598937792	False	7	576.735	526.4822	576.735	526.4822	28.4453	582.9363	537.3505	582.9363	537.3505	30.3355	0.3503	0.495	570.5338	515.6139	570.5338	515.6139	26.5551	0.5381	0.5106
2016-04-04 19:54:36.641	598937825	False	7	604.8254	353.4412	604.8254	353.4412	28.5865	615.275	363.4215	615.275	363.4215	30.5344	0.3509	0.4918	594.3759	343.4608	594.3759	343.4608	26.6386	0.5382	0.5076
2016-04-04 19:54:36.675	598937859	False	7	606.4344	350.1879	605.631	351.8124	28.813	614.4055	355.2428	614.8397	359.3269	30.3622	0.3507	0.4917	598.4634	345.133	596.4222	344.2979	27.2638	0.5383	0.5076
2016-04-04 19:54:36.708	598937892	False	7	588.3135	344.2769	599.8353	349.2872	28.491	589.2884	351.8145	606.2856	356.8052	30.2361	0.3504	0.4916	587.3386	336.7392	593.385	341.7691	26.7459	0.5383	0.5075
2016-04-04 19:54:36.741	598937925	False	7	593.0906	350.7582	598.1131	349.6465	28.37855	596.1266	355.7128	603.6901	356.515	29.9207	0.3504	0.4915	590.0544	345.8036	592.5359	342.7781	26.8364	0.5382	0.5075
MSG	2016-04-04 19:54:36.741	598937925	image offline at 23369
2016-04-04 19:54:36.774	598937958	False	7	595.0926	362.6801	597.4727	352.2862	28.70595	601.2408	368.5686	603.1509	358.9492	30.2577	0.3504	0.4917	588.9444	356.7917	591.7944	345.6231	27.1542	0.5383	0.5075
MSG	2016-04-04 19:54:36.774	598937958	TRIALEND 2
2016-04-04 19:54:36.808	598937992	False	7	599.0823	362.9056	599.0823	362.9056	28.65545	597.9158	363.7391	597.9158	363.7391	30.0651	0.3504	0.4916	600.2488	362.0721	600.2488	362.0721	27.2458	0.5384	0.5075
MSG	2016-04-04 19:54:36.808	598937992	stop_recording
MSG	2016-04-04 19:54:36.907	598938091	start_recording
2016-04-04 19:54:36.941	598938125	False	7	751.9033	648.2332	674.4511	492.0263	29.305	754.381	670.0886	673.3014	507.7897	31.1076	0.3536	0.4971	749.4256	626.3777	675.6008	476.2628	27.5024	0.5416	0.5127
MSG	2016-04-04 19:54:36.941	598938125	TRIALSTART 3
MSG	2016-04-04 19:54:36.941	598938125	IMAGENAME lecture.jpg
2016-04-04 19:54:36.974	598938158	False	7	770.4409	725.554	694.2428	540.0057	29.7555	785.0197	722.0977	696.2883	551.8868	31.0845	0.3541	0.4988	755.8621	729.0103	692.1974	528.1247	28.4265	0.5418	0.5147
2016-04-04 19:54:37.007	598938191	False	7	780.3915	720.1537	780.3915	720.1537	29.8238	777.7404	717.037	777.7404	717.037	31.2135	0.354	0.4989	783.0425	723.2703	783.0425	723.2703	28.4341	0.5421	0.515
2016-04-04 19:54:37.040	598938224	False	7	768.0651	717.1134	768.0651	717.1134	30.13755	780.3467	723.737	780.3467	723.737	31.4506	0.3538	0.499	755.7836	710.4897	755.7836	710.4897	28.8245	0.5419	0.515
2016-04-04 19:54:37.073	598938257	False	7	776.589	724.3156	772.3325	720.7191	29.5135	780.6865	727.7473	780.5168	725.7447	30.7863	0.3536	0.4989	772.4914	720.884	764.1481	715.6935	28.2407	0.5419	0.5148
2016-04-04 19:54:37.107	598938291	False	7	711.6151	643.8073	752.0146	694.9789	29.2094	702.0603	625.8369	754.2537	692.3039	29.5573	0.3525	0.4971	721.1699	661.7776	749.7754	697.6539	28.8615	0.5408	0.5133
2016-04-04 19:54:37.140	598938324	False	7	638.1553	608.7252	723.2237	673.1296	30.08025	648.97	611.9943	727.5981	671.9226	30.9958	0.3513	0.4965	627.3405	605.456	718.8492	674.3366	29.1647	0.5393	0.5121
2016-04-04 19:54:37.173	598938357	False	7	633.1746	594.6515	704.7066	656.9874	29.55845	629.0129	581.3803	707.3388	653.3148	30.1058	0.3512	0.4961	637.3362	607.9227	702.0743	660.6599	29.0111	0.5396	0.5121
MSG	2016-04-04 19:54:37.173	598938357	image online at 23785
2016-04-04 19:54:37.207	598938391	False	7	630.5696	594.4718	691.7164	646.0201	29.8668	628.6163	593.1377	628.6163	593.1377	30.6185	0.3512	0.496	632.5228	595.8059	689.888	649.3272	29.1151	0.5396	0.5119
2016-04-04 19:54:37.241	598938425	False	7	642.0857	589.3666	642.0857	589.3666	30.09885	650.9763	586.3101	650.9763	586.3101	31.2064	0.3516	0.496	633.195	592.4232	633.195	592.4232	28.9913	0.5398	0.5119
2016-04-04 19:54:37.274	598938458	False	7	630.6539	591.6297	630.6539	591.6297	30.13085	633.1979	583.5032	642.0757	584.9049	30.8943	0.3516	0.4959	628.11	599.7562	628.11	599.7562	29.3674	0.5399	0.5119
2016-04-04 19:54:37.307	598938491	False	7	637.8094	506.0322	634.2363	548.7764	30.27075	654.0087	519.2623	646.0552	562.9286	31.2361	0.3519	0.4942	621.6102	492.8022	624.856	546.211	29.3054	0.5397	0.5099
2016-04-04 19:54:37.340	598938524	False	7	641.0435	506.577	636.5211	534.5775	30.39955	654.5994	496.0711	648.2144	545.9796	31.2338	0.3516	0.4939	627.4877	517.0828	625.7314	536.3696	29.5653	0.5395	0.5101
2016-04-04 19:54:37.374	598938558	False	7	638.0688	510.8926	636.9247	528.4956	30.0971	635.008	507.9123	645.5489	538.0794	31.1479	0.351	0.4942	641.1297	513.8729	629.6146	530.5906	29.0463	0.5393	0.5102
2016-04-04 19:54:37.407	598938591	False	7	575.1335	329.4719	624.3901	487.9599	30.21295	570.8159	342.6962	570.8159	342.6962	31.1442	0.35	0.4905	579.4512	316.2475	619.4514	486.9485	29.2817	0.5376	0.506
2016-04-04 19:54:37.440	598938624	False	7	571.5178	287.4354	571.5178	287.4354	30.2229	572.5699	305.8493	572.5699	305.8493	31.0854	0.3497	0.491	570.4657	269.0215	570.4657	269.0215	29.3604	0.5375	0.5066
2016-04-04 19:54:37.473	598938657	False	7	579.105	314.4543	579.105	314.4543	30.66395	586.3301	318.5603	579.4588	312.2129	31.6506	0.3495	0.491	571.8799	310.3483	571.8799	310.3483	29.6773	0.5372	0.5066
2016-04-04 19:54:37.507	598938691	False	7	576.495	303.3753	577.7983	308.9077	30.4743	581.6091	313.3912	580.1903	312.6181	31.2902	0.3489	0.4909	571.3808	293.3593	571.6301	301.843	29.6584	0.5366	0.5063
2016-04-04 19:54:37.540	598938724	False	7	575.7883	313.6354	577.1233	310.4809	30.4575	591.9591	327.1345	583.1702	316.2892	31.406	0.3487	0.4911	559.6176	300.1364	567.6085	301.2573	29.509	0.5364	0.5062
2016-04-04 19:54:37.573	598938757	False	7	580.267	310.024	577.912	310.3647	30.0945	586.0448	320.1068	583.781	317.0941	31.0743	0.3486	0.4907	574.4891	299.9412	569.3284	300.9124	29.1147	0.5364	0.5058
2016-04-04 19:54:37.607	598938791	False	7	701.4662	583.8668	603.0026	365.9011	30.491	699.0286	585.0807	699.0286	585.0807	30.6119	0.3511	0.497	703.9038	582.6528	596.6536	358.1109	30.3701	0.5383	0.5122
2016-04-04 19:54:37.640	598938824	False	7	876.6636	919.9529	876.6636	919.9529	29.0475	884.9414	896.8257	884.9414	896.8257	29.3155	0.3543	0.503	868.3858	943.0801	868.3858	943.0801	28.7795	0.5412	0.5186
2016-04-04 19:54:37.673	598938857	False	7	895.108	981.186	895.108	981.186	28.5672	916.0671	965.0737	900.5241	930.9932	29.1197	0.3549	0.5035	874.149	997.2983	874.149	997.2983	28.0147	0.5422	0.5195
2016-04-04 19:54:37.707	598938891	False	7	882.6437	900.6594	888.8679	940.8714	27.2477	884.1761	823.6748	895.0781	895.1263	27.1267	0.3552	0.5021	881.1111	977.644	877.6345	987.4586	27.3687	0.5429	0.5193
2016-04-04 19:54:37.740	598938924	False	7	837.9064	820.1354	871.798	900.3867	28.45205	844.4408	801.4882	882.3046	871.4141	29.2073	0.3549	0.5005	831.3721	838.7826	862.1541	937.6726	27.6968	0.5425	0.5166
2016-04-04 19:54:37.773	598938957	False	7	721.6104	294.1431	833.8431	747.2679	27.6316	710.5435	323.6774	847.3478	759.9717	28.9215	0.3538	0.4913	732.6772	264.6089	829.4413	767.7026	26.3417	0.5409	0.5064
2016-04-04 19:54:37.807	598938991	False	7	708.298	229.626	808.062	641.0642	27.6952	721.1676	235.9524	721.1676	235.9524	28.8937	0.3539	0.4899	695.4285	223.2996	801.9869	655.9644	26.4967	0.5408	0.5057
2016-04-04 19:54:37.840	598939024	False	7	719.9336	236.2259	719.9336	236.2259	27.2485	736.4246	231.9693	736.4246	231.9693	28.2526	0.3541	0.4898	703.4426	240.4824	703.4426	240.4824	26.2444	0.5411	0.506
2016-04-04 19:54:37.873	598939057	False	7	718.7844	241.5211	718.7844	241.5211	27.5123	727.6568	248.0284	732.035	240.0091	28.5406	0.3538	0.4899	709.912	235.0139	709.912	235.0139	26.484	0.5411	0.5057
2016-04-04 19:54:37.907	598939091	False	7	711.7992	276.7628	715.2874	259.1644	27.7293	729.2878	279.4665	731.1081	253.2311	29.0252	0.3534	0.4901	694.3107	274.059	702.1014	254.5614	26.4334	0.5407	0.5061
2016-04-04 19:54:37.940	598939124	False	7	718.4922	267.808	716.3543	262.0878	27.32	738.7766	253.458	733.0333	253.3487	28.139	0.3531	0.4902	698.2078	282.158	700.7848	263.8325	26.501	0.5403	0.5064
2016-04-04 19:54:37.973	598939157	False	7	755.9185	540.606	726.3334	332.3723	27.9283	764.6732	515.5864	739.4628	306.6475	28.9685	0.3531	0.4962	747.1638	565.6255	712.4683	340.0142	26.8881	0.5401	0.5122
2016-04-04 19:54:38.006	598939190	False	7	718.29	754.3407	724.7604	418.5107	28.22795	740.9622	760.3337	740.9622	760.3337	29.5579	0.3521	0.5002	695.6178	748.3477	709.1059	423.4406	26.898	0.5391	0.5153
2016-04-04 19:54:38.039	598939223	False	7	710.8742	743.9573	710.8742	743.9573	28.2918	726.8295	741.2479	726.8295	741.2479	29.6629	0.3517	0.5003	694.9189	746.6667	694.9189	746.6667	26.9207	0.5392	0.5155
2016-04-04 19:54:38.074	598939258	False	7	715.1996	732.6385	715.1996	732.6385	28.0021	732.5198	732.0049	729.6783	736.6205	29.2849	0.3516	0.5003	697.8794	733.2722	697.8794	733.2722	26.7193	0.5394	0.5154
2016-04-04 19:54:38.107	598939291	False	7	715.4847	739.4153	715.3423	736.0313	28.2799	736.9869	718.1723	732.1296	730.4371	29.1788	0.3516	0.5001	693.9824	760.6583	695.9284	746.9827	27.381	0.5395	0.5157
2016-04-04 19:54:38.140	598939324	False	7	720.4561	752.3668	717.0544	741.5054	28.65285	735.3222	749.338	732.9479	735.1753	29.6658	0.3516	0.5003	705.59	755.3956	699.1594	749.8222	27.6399	0.5397	0.5158
2016-04-04 19:54:38.173	598939357	False	7	702.1146	718.4592	713.2928	735.7175	28.82125	707.6204	709.489	727.8199	729.965	30.1055	0.3513	0.4993	696.6088	727.4294	698.5259	744.202	27.537	0.5394	0.5148
MSG	2016-04-04 19:54:38.173	598939357	image offline at 24802
2016-04-04 19:54:38.207	598939391	False	7	567.3375	457.751	683.6373	679.2577	28.4562	569.6292	452.635	569.6292	452.635	29.6005	0.3496	0.4943	565.0459	462.8671	671.425	687.0615	27.3119	0.5371	0.5099
MSG	2016-04-04 19:54:38.207	598939391	TRIALEND 3
MSG	2016-04-04 19:54:38.207	598939391	stop_recording
MSG	2016-04-04 19:54:38.306	598939490	start_recording
2016-04-04 19:54:38.340	598939524	False	7	592.9853	461.3352	577.8483	462.0529	29.6314	604.1767	478.0491	583.3188	464.8024	31.0429	0.3501	0.4944	581.7939	444.6214	571.6207	455.4219	28.2199	0.538	0.5098
MSG	2016-04-04 19:54:38.340	598939524	TRIALSTART 4
MSG	2016-04-04 19:54:38.340	598939524	IMAGENAME osdoc.jpg
2016-04-04 19:54:38.373	598939557	False	7	584.1084	457.1078	579.4575	460.8083	29.7349	584.8871	460.8702	583.6745	464.0457	30.9145	0.3499	0.4944	583.3297	453.3454	574.5942	454.881	28.5553	0.538	0.5102
2016-04-04 19:54:38.406	598939590	False	7	586.1885	465.9866	580.8579	461.8543	29.3951	594.1176	479.334	585.4892	466.6811	30.7025	0.35	0.4948	578.2594	452.6391	575.3723	454.409	28.0877	0.538	0.5103
2016-04-04 19:54:38.439	598939623	False	7	583.1224	475.7074	581.2832	464.2214	29.88845	582.4533	480.5994	585.0886	468.7869	30.8752	0.3499	0.4948	583.7915	470.8154	576.8425	457.1897	28.9017	0.5382	0.5106
2016-04-04 19:54:38.473	598939657	False	7	646.7587	493.8068	590.9847	468.6172	30.02145	643.3146	492.5641	592.7276	471.9632	31.0909	0.3511	0.4952	650.2027	495.0496	587.7147	462.7929	28.952	0.5392	0.5111
2016-04-04 19:54:38.506	598939690	False	7	644.9453	511.6406	598.1898	474.318	30.31315	655.1981	505.6255	600.219	476.0305	31.2819	0.3511	0.4951	634.6926	517.6558	594.0295	470.044	29.3444	0.5391	0.5111
2016-04-04 19:54:38.539	598939723	False	7	645.6082	507.8423	604.0121	478.4182	30.2559	656.4234	514.4921	606.5112	480.3252	31.436	0.3511	0.4951	634.7929	501.1926	599.0744	473.8927	29.0758	0.539	0.5108
2016-04-04 19:54:38.573	598939757	False	7	651.2318	499.2416	609.3984	480.8644	30.526	661.8998	512.8087	612.3542	483.776	31.7658	0.3511	0.4949	640.5637	485.6744	603.8363	475.3889	29.2862	0.5391	0.5105
2016-04-04 19:54:38.606	598939790	False	7	655.0579	527.8271	614.3096	485.7517	30.4059	650.1819	532.0704	616.2914	488.5175	31.5557	0.3511	0.4953	659.934	523.5839	609.7604	480.3972	29.2561	0.5392	0.5111
MSG	2016-04-04 19:54:38.606	598939790	image online at 25219
2016-04-04 19:54:38.639	598939823	False	7	643.1855	544.7893	617.4266	491.5186	30.5401	646.3645	539.1738	619.3907	493.2785	31.5515	0.3511	0.4956	640.0065	550.4048	613.0078	487.1787	29.5287	0.5391	0.5114
2016-04-04 19:54:38.672	598939856	False	7	644.4978	525.6381	620.2498	494.899	30.57155	658.2932	537.8596	623.1019	497.3899	31.7965	0.3511	0.4954	630.7024	513.4166	615.0236	489.9012	29.3466	0.5391	0.5109
2016-04-04 19:54:38.705	598939889	False	7	646.0404	529.9648	622.8611	498.2409	30.93485	646.2471	524.5447	625.4744	500.0302	31.7294	0.3513	0.4954	645.8337	535.3849	618.0319	494.1049	30.1403	0.5394	0.5113
2016-04-04 19:54:38.740	598939924	False	7	650.4016	520.2645	625.5248	500.4683	30.66855	650.1434	528.4331	627.8917	502.6968	31.7318	0.3515	0.4953	650.6599	512.096	621.091	496.0463	29.6053	0.5397	0.511
2016-04-04 19:54:38.773	598939957	False	7	660.6044	516.0387	628.6825	502.1492	31.0418	665.7196	534.1902	631.1996	505.5309	32.2008	0.3515	0.4951	655.4893	497.8872	624.2073	496.716	29.8828	0.5397	0.5107
2016-04-04 19:54:38.806	598939990	False	7	646.1343	516.7296	630.5077	503.7095	30.93755	655.0835	508.7032	633.4868	506.3452	31.8078	0.3513	0.495	637.1852	524.7561	625.7175	499.2306	30.0673	0.5394	0.5111
2016-04-04 19:54:38.839	598940023	False	7	644.1788	529.9276	632.0209	506.0385	31.22385	648.0537	522.0508	635.1006	507.9604	32.0708	0.3511	0.4951	640.304	537.8043	627.2907	502.4377	30.3769	0.5393	0.5112
2016-04-04 19:54:38.872	598940056	False	7	646.9167	529.6521	633.5733	508.1585	31.53525	649.2939	530.6263	636.6464	509.9982	32.5614	0.3509	0.4955	644.5396	528.6779	629.001	504.7814	30.5091	0.5391	0.5115
2016-04-04 19:54:38.905	598940089	False	7	652.5889	525.1436	635.3589	509.8139	31.35055	655.5223	520.9626	638.4542	511.258	32.0451	0.3505	0.4954	649.6555	529.3245	630.8994	506.9846	30.656	0.5387	0.5112
2016-04-04 19:54:38.939	598940123	False	7	408.2961	452.4765	408.2961	452.4765	31.32605	392.7061	463.8603	392.7061	463.8603	32.3597	0.346	0.4942	423.8862	441.0927	423.8862	441.0927	30.2924	0.534	0.5091
2016-04-04 19:54:38.972	598940156	False	7	370.9732	433.3611	370.9732	433.3611	30.5038	374.039	430.0776	374.039	430.0776	31.7261	0.3451	0.4939	367.9074	436.6445	367.9074	436.6445	29.2815	0.5328	0.509
2016-04-04 19:54:39.005	598940189	False	7	363.4822	426.1245	367.2229	429.7382	29.78185	358.3773	418.2435	366.1981	424.153	30.9466	0.3447	0.4934	368.5872	434.0054	368.2477	435.3233	28.6171	0.5327	0.5087
2016-04-04 19:54:39.039	598940223	False	7	381.9016	431.3018	372.1303	430.2555	29.2358	386.3105	441.5963	372.9175	429.9822	30.286	0.3449	0.4938	377.4928	421.0073	371.3431	430.5287	28.1856	0.5328	0.5086
2016-04-04 19:54:39.073	598940257	False	7	360.0308	421.1797	369.0924	427.9637	28.2861	369.5355	420.8409	372.0802	427.6912	29.4301	0.3449	0.4935	350.5261	421.5184	366.1046	428.2361	27.1421	0.5328	0.5086
2016-04-04 19:54:39.106	598940290	False	7	366.6622	415.2409	368.5915	425.3642	27.16895	388.8411	427.1578	375.4911	427.5807	28.5495	0.3454	0.4934	344.4832	403.3239	361.6919	423.1479	25.7884	0.533	0.5083
2016-04-04 19:54:39.139	598940323	False	7	309.7941	420.3536	358.5523	424.4747	26.86545	338.2102	418.5375	369.1669	426.0354	27.871	0.3447	0.4935	281.3781	422.1697	347.9378	422.9141	25.8599	0.5322	0.5085
2016-04-04 19:54:39.172	598940356	False	7	311.3544	405.6862	351.4694	421.6628	26.1498	318.8488	407.6387	361.701	423.301	27.3329	0.3447	0.4931	303.86	403.7338	341.2376	420.0245	24.9667	0.5326	0.5083
2016-04-04 19:54:39.205	598940389	False	7	305.9445	409.216	345.3316	419.9676	25.84785	326.7044	432.093	356.9995	424.3971	26.9803	0.345	0.4934	285.1846	386.339	333.6638	415.538	24.7154	0.5326	0.5081
2016-04-04 19:54:39.239	598940423	False	7	314.7482	407.262	341.4751	418.3876	25.4455	334.6146	415.4726	354.1815	423.3197	26.4861	0.3451	0.4933	294.8819	399.0514	328.7687	413.4555	24.4049	0.5327	0.5083
2016-04-04 19:54:39.272	598940456	False	7	315.6344	418.1531	338.4063	418.2594	24.9902	339.3993	420.847	352.3824	423.0109	26.101	0.3451	0.4934	291.8695	415.4592	324.4301	413.5079	23.8794	0.5326	0.5085
2016-04-04 19:54:39.305	598940489	False	7	316.6942	417.1368	335.9347	418.0555	25.06885	331.0846	427.0046	350.0497	423.3623	26.406	0.3448	0.4937	302.3039	407.2691	321.8197	412.7487	23.7317	0.5325	0.5085
2016-04-04 19:54:39.338	598940522	False	7	322.1857	423.2541	334.3287	418.4499	25.0425	337.5238	420.3703	348.6453	423.055	26.013	0.3447	0.4937	306.8477	426.1378	320.012	413.8449	24.072	0.5325	0.5086
2016-04-04 19:54:39.372	598940556	False	7	601.8458	467.5355	601.8458	467.5355	24.85835	611.8342	475.7768	611.8342	475.7768	25.4912	0.3496	0.4946	591.8575	459.2941	591.8575	459.2941	24.2255	0.5373	0.5097
2016-04-04 19:54:39.406	598940590	False	7	662.9357	469.2055	662.9357	469.2055	24.4925	690.2125	457.2602	690.2125	457.2602	25.1898	0.3507	0.4946	635.659	481.1508	635.659	481.1508	23.7952	0.5381	0.5102
2016-04-04 19:54:39.439	598940623	False	7	661.0069	458.4673	661.9701	463.8296	24.94005	675.8185	446.5334	683.0063	451.89	25.5204	0.3505	0.4944	646.1953	470.4013	640.9338	475.7692	24.3597	0.5382	0.51
2016-04-04 19:54:39.472	598940656	False	7	645.7566	465.308	656.541	464.3154	24.86125	659.7354	449.3424	675.2042	451.028	25.2747	0.3504	0.4942	631.7778	481.2736	637.8777	477.6027	24.4478	0.5381	0.51
2016-04-04 19:54:39.505	598940689	False	7	653.6395	465.1271	655.7873	464.5152	24.8603	671.2544	450.7805	674.1691	450.9556	25.4722	0.3504	0.4943	636.0247	479.4738	637.4054	478.0749	24.2484	0.5382	0.51
2016-04-04 19:54:39.539	598940723	False	7	651.3113	451.9321	654.8566	461.9575	24.8397	663.044	451.4764	671.8733	451.0531	25.7355	0.3503	0.4943	639.5787	452.3877	637.8398	472.8618	23.9439	0.5382	0.5096
2016-04-04 19:54:39.572	598940756	False	7	657.5751	462.134	655.2947	461.964	25.21915	665.4893	459.4729	670.7352	452.4833	26.2163	0.3503	0.4944	649.6609	464.7952	639.8542	471.4448	24.222	0.5383	0.5098
2016-04-04 19:54:39.605	598940789	False	7	647.9453	467.0214	654.1933	462.6908	25.4631	662.5081	470.7444	669.4677	455.1891	26.3532	0.3502	0.4946	633.3824	463.2984	638.9189	470.1924	24.573	0.5381	0.51
MSG	2016-04-04 19:54:39.605	598940789	image offline at 26253
2016-04-04 19:54:39.638	598940822	False	7	693.4851	460.2877	659.296	462.3698	25.8673	707.8134	460.5994	674.4135	455.9402	26.3006	0.3513	0.4946	679.1569	459.976	644.1785	468.7993	25.434	0.5392	0.5103
MSG	2016-04-04 19:54:39.638	598940822	TRIALEND 4
2016-04-04 19:54:39.672	598940856	False	7	714.8125	473.7615	665.8763	463.6979	26.01445	742.4501	482.8036	682.4345	459.1484	26.8187	0.3519	0.4948	687.1749	464.7195	649.3181	468.2474	25.2102	0.5395	0.5103
MSG	2016-04-04 19:54:39.672	598940856	stop_recording
MSG	2016-04-04 19:54:39.771	598940955	start_recording
MSG	2016-04-04 19:54:39.771	598940955	TRIALSTART 5
2016-04-04 19:54:39.805	598940989	False	7	716.3065	498.2401	682.2	468.6751	27.63315	740.4131	498.4178	699.634	464.21	28.3685	0.3524	0.4951	692.1998	498.0623	664.7658	473.1403	26.8978	0.5402	0.5111
MSG	2016-04-04 19:54:39.805	598940989	IMAGENAME sunset.jpg
2016-04-04 19:54:39.839	598941023	False	7	712.0048	479.8911	685.0604	469.73	27.2486	724.5825	465.4729	702.1156	464.5058	27.9538	0.3523	0.4946	699.4272	494.3092	668.005	474.9542	26.5434	0.5404	0.5108
2016-04-04 19:54:39.871	598941055	False	7	671.7267	497.3042	684.4639	472.038	27.67805	692.6685	488.2058	701.8312	466.5403	28.3505	0.3518	0.4951	650.785	506.4026	667.0965	477.5357	27.0056	0.5397	0.5111
2016-04-04 19:54:39.905	598941089	False	7	681.5085	509.8418	684.6209	475.0762	28.15885	700.1798	515.4423	702.1025	470.4269	29.2107	0.3519	0.4954	662.8373	504.2412	667.1391	479.7254	27.107	0.5399	0.5112
2016-04-04 19:54:39.939	598941123	False	7	682.9556	505.5756	684.839	477.5576	28.3506	699.3369	525.7698	702.2603	474.7408	29.2551	0.3519	0.4955	666.5742	485.3814	667.4179	480.3743	27.4461	0.5399	0.5108
2016-04-04 19:54:39.972	598941156	False	7	665.911	494.2158	683.8223	479.0556	28.06695	676.4049	510.3037	700.7754	477.6541	29.104	0.3517	0.4953	655.4171	478.1278	666.869	480.4571	27.0299	0.5398	0.5107
2016-04-04 19:54:40.005	598941189	False	7	665.6851	497.1044	682.8215	480.6315	28.4682	669.3102	480.2932	698.8695	478.3238	28.9943	0.3516	0.4951	662.06	513.9155	666.7734	482.9391	27.9421	0.5398	0.5112
2016-04-04 19:54:40.039	598941223	False	7	664.4186	499.6124	681.7642	482.2569	28.57775	687.2399	485.5232	698.2217	479.2611	29.0553	0.3518	0.4951	641.5972	513.7016	665.3069	485.2526	28.1002	0.5396	0.5112
2016-04-04 19:54:40.072	598941256	False	7	649.4601	502.243	679.7718	483.9388	28.51705	666.1625	500.3474	696.2268	481.0647	29.6865	0.3515	0.4953	632.7577	504.1387	663.3167	486.813	27.3476	0.5394	0.5112
2016-04-04 19:54:40.105	598941289	False	7	659.1764	493.1507	678.459	484.9373	28.57625	666.7236	501.6522	694.3358	482.8283	29.5663	0.3517	0.4954	651.6293	484.6491	662.5822	487.0464	27.5862	0.5397	0.5111
2016-04-04 19:54:40.138	598941322	False	7	659.0458	502.215	677.1769	486.4168	29.00555	672.1937	494.0899	692.8458	484.0072	29.646	0.3519	0.4954	645.8978	510.3401	661.5079	488.8263	28.3651	0.5398	0.5115
2016-04-04 19:54:40.172	598941356	False	7	641.2686	495.5355	674.8499	487.3949	29.13535	654.9595	510.6757	690.354	486.1043	29.8787	0.3518	0.4956	627.5777	480.3954	659.3456	488.6857	28.392	0.5397	0.5112
MSG	2016-04-04 19:54:40.172	598941356	image online at 26803
2016-04-04 19:54:40.205	598941389	False	7	644.8351	518.1849	672.8085	489.6573	29.03565	647.5433	508.2343	687.4968	487.9369	29.5954	0.3519	0.4957	642.127	528.1354	658.1204	491.3778	28.4759	0.5398	0.5118
2016-04-04 19:54:40.238	598941422	False	7	651.0393	512.8481	671.3018	491.7657	29.55205	663.6646	508.598	685.6328	490.0785	30.1988	0.352	0.4957	638.4139	517.0982	656.9708	493.4529	28.9053	0.5398	0.5117
2016-04-04 19:54:40.271	598941455	False	7	653.0052	508.5525	669.9473	493.6559	29.56565	665.3555	512.1765	684.0832	492.4515	30.2911	0.3521	0.4959	640.6549	504.9285	655.8112	494.8603	28.8402	0.5399	0.5118
2016-04-04 19:54:40.304	598941488	False	7	651.6489	520.7487	668.7162	496.0846	29.92395	658.6743	515.7336	682.3549	494.8706	30.7087	0.352	0.4958	644.6237	525.7639	655.0776	497.2985	29.1392	0.5398	0.5121
2016-04-04 19:54:40.338	598941522	False	7	652.885	520.7624	667.47	498.4129	30.2233	660.4607	517.4074	680.608	497.2425	31.005	0.3515	0.4956	645.3093	524.1174	654.3317	499.5834	29.4416	0.5393	0.5117
2016-04-04 19:54:40.371	598941555	False	7	647.6615	520.4084	665.9683	500.7732	30.09695	663.5454	525.5835	679.1927	499.9679	30.893	0.3507	0.496	631.7775	515.2333	652.7437	501.5786	29.3009	0.5385	0.5117
2016-04-04 19:54:40.405	598941589	False	7	635.5822	498.1349	663.7007	501.54	29.4696	629.3362	472.9823	675.7359	499.3047	29.9175	0.3498	0.4955	641.8281	523.2876	651.6653	503.7753	29.0217	0.5379	0.5117
2016-04-04 19:54:40.438	598941622	False	7	646.6758	512.1118	662.2742	502.9744	30.31265	649.4534	522.6056	673.5865	501.3731	31.4616	0.3494	0.4969	643.8981	501.618	650.9621	504.5758	29.1637	0.5376	0.5122
2016-04-04 19:54:40.471	598941655	False	7	648.1261	496.5226	660.4318	503.4529	30.0518	654.4316	496.1421	671.2559	501.8853	30.8148	0.3492	0.4965	641.8207	496.9032	649.6074	505.0206	29.2888	0.5372	0.512
2016-04-04 19:54:40.505	598941689	False	7	547.8936	499.6457	547.8936	499.6457	30.76645	545.8351	501.7536	545.8351	501.7536	31.8093	0.3467	0.4962	549.952	497.5378	549.952	497.5378	29.7236	0.5347	0.5115
2016-04-04 19:54:40.538	598941722	False	7	444.1302	481.4193	444.1302	481.4193	30.2521	438.9301	494.9101	438.9301	494.9101	31.5306	0.3446	0.4961	449.3304	467.9285	449.3304	467.9285	28.9736	0.5325	0.5107
2016-04-04 19:54:40.571	598941755	False	7	438.6507	483.7702	441.387	482.5963	30.48045	450.0786	491.2225	444.5115	493.064	31.5521	0.3445	0.4956	427.2228	476.3179	438.2625	472.1285	29.4088	0.5322	0.5103
2016-04-04 19:54:40.604	598941788	False	7	432.414	475.3008	438.3786	480.1561	29.66535	432.9042	495.1965	440.6354	493.7747	30.7196	0.3444	0.4956	431.9237	455.405	436.1219	466.5374	28.6111	0.5323	0.5099
2016-04-04 19:54:40.639	598941823	False	7	422.9469	456.6934	434.4714	474.2303	29.2118	416.9862	452.5977	434.6626	483.3889	29.8094	0.3445	0.4953	428.9075	460.7891	434.2802	465.0715	28.6142	0.5326	0.5103
2016-04-04 19:54:40.671	598941855	False	7	497.7489	423.7651	447.2852	463.9406	28.4617	488.9997	432.45	445.654	472.9824	29.0858	0.3466	0.4944	506.4981	415.0803	448.9164	454.8987	27.8376	0.5346	0.5091
2016-04-04 19:54:40.705	598941889	False	7	709.9785	354.8511	709.9785	354.8511	27.9072	719.9105	380.2067	719.9105	380.2067	28.8575	0.3515	0.4933	700.0466	329.4954	700.0466	329.4954	26.9569	0.5388	0.5081
2016-04-04 19:54:40.738	598941922	False	7	695.8594	375.6106	695.8594	375.6106	27.4217	714.4526	371.8463	714.4526	371.8463	28.0887	0.3522	0.4931	677.2662	379.3749	677.2662	379.3749	26.7547	0.5395	0.5088
2016-04-04 19:54:40.771	598941955	False	7	691.588	346.8747	693.721	361.2243	27.06935	707.0645	368.382	710.7538	370.1119	27.6853	0.3528	0.4932	676.1115	325.3674	676.6881	352.3367	26.4534	0.5402	0.5086
2016-04-04 19:54:40.804	598941988	False	7	698.1764	372.9022	695.2089	365.1091	26.979	703.0239	364.1717	708.16	368.1205	27.3388	0.3532	0.493	693.3288	381.6328	682.2577	362.0977	26.6192	0.5408	0.5094
2016-04-04 19:54:40.838	598942022	False	7	700.9034	364.1162	696.6482	364.8554	26.3079	715.5596	345.6938	710.012	362.454	26.2885	0.3536	0.4928	686.2472	382.5387	683.2845	367.2569	26.3273	0.5411	0.5095
2016-04-04 19:54:40.871	598942055	False	7	698.3288	354.6651	697.0005	362.7822	26.66525	714.9384	360.7216	711.0121	362.0602	27.4219	0.3539	0.4927	681.7192	348.6087	682.989	363.5041	25.9086	0.5414	0.5089
2016-04-04 19:54:40.904	598942088	False	7	701.6425	348.0022	697.8044	360.2406	26.39705	705.5226	369.3854	710.0842	363.2718	27.0437	0.3539	0.4927	697.7622	326.6191	685.5245	357.2093	25.7504	0.5416	0.5086
2016-04-04 19:54:40.937	598942121	False	7	694.7413	345.2545	697.3709	357.9841	26.4064	713.0014	348.2292	710.5118	361.0331	26.877	0.3539	0.4924	676.4813	342.2798	684.23	354.9351	25.9358	0.5414	0.5085
2016-04-04 19:54:40.971	598942155	False	7	700.3467	375.8957	697.7698	360.2556	26.62175	722.1417	369.2005	712.0337	362.0549	27.5069	0.3537	0.4925	678.5518	382.5909	683.5059	358.4562	25.7366	0.5411	0.5089
2016-04-04 19:54:41.004	598942188	False	7	710.7313	360.4738	699.3083	360.2579	26.7036	728.394	383.1866	713.9831	364.5162	27.6872	0.3535	0.4926	693.0686	337.761	684.6335	355.9996	25.72	0.541	0.5082
2016-04-04 19:54:41.038	598942222	False	7	699.6949	373.8785	699.3898	361.6996	26.9139	709.7428	380.5989	713.5858	366.2661	27.6594	0.3529	0.4925	689.6472	367.158	685.194	357.1331	26.1684	0.5406	0.5085
2016-04-04 19:54:41.071	598942255	False	7	704.5803	380.1512	699.9409	363.5395	27.22605	724.4693	392.5327	714.7067	368.9251	28.2342	0.3528	0.493	684.6914	367.7697	685.175	358.1537	26.2179	0.5403	0.5085
2016-04-04 19:54:41.104	598942288	False	7	697.4424	357.7003	699.7547	363.0526	27.50005	701.6547	368.8502	713.5641	369.0285	28.0766	0.3524	0.4928	693.23	346.5504	685.9454	357.0766	26.9235	0.5402	0.5083
2016-04-04 19:54:41.137	598942321	False	7	702.6381	371.8892	700.0398	363.8551	27.7105	718.3382	370.8396	714.0062	369.2871	28.5633	0.3524	0.4929	686.938	372.9388	686.0734	358.4232	26.8577	0.54	0.5088
2016-04-04 19:54:41.171	598942355	False	7	704.6305	373.466	700.4548	364.6983	27.7485	717.8269	365.2104	714.3558	369.0497	28.4432	0.3522	0.4927	691.434	381.7216	686.554	360.3469	27.0538	0.54	0.5088
2016-04-04 19:54:41.204	598942388	False	7	703.3646	379.0106	700.7277	365.8906	28.2486	720.2859	373.5692	714.8607	369.4834	29.1917	0.3522	0.4928	686.4434	384.452	686.5947	362.2977	27.3055	0.5399	0.5088
MSG	2016-04-04 19:54:41.204	598942388	image offline at 27820
2016-04-04 19:54:41.237	598942421	False	7	706.2974	361.0709	701.1932	365.6304	28.19025	718.0719	381.2677	715.1527	370.4506	29.2529	0.3523	0.4929	694.5229	340.8741	687.2335	360.8103	27.1276	0.5401	0.5083
MSG	2016-04-04 19:54:41.237	598942421	TRIALEND 5
MSG	2016-04-04 19:54:41.237	598942421	stop_recording
MSG	2016-04-04 19:54:41.304	598942488	start_recording
2016-04-04 19:54:41.337	598942521	False	7	698.3947	377.0448	700.8677	368.0721	28.56	711.7917	391.6121	715.421	373.4877	29.6959	0.3526	0.4926	684.9977	362.4774	686.3141	362.6565	27.4241	0.5405	0.5085
MSG	2016-04-04 19:54:41.337	598942521	TRIALSTART 6
2016-04-04 19:54:41.370	598942554	False	7	695.9652	362.9682	700.5703	367.873	28.5639	706.3982	378.277	714.8652	373.978	29.4269	0.3527	0.4923	685.5322	347.6595	686.2755	361.7679	27.7009	0.5406	0.5083
MSG	2016-04-04 19:54:41.370	598942554	IMAGENAME vanunnik.jpg
2016-04-04 19:54:41.404	598942588	False	7	699.0648	358.5413	700.4833	367.3866	28.05295	708.4688	380.6873	714.4647	374.584	29.3598	0.3529	0.4925	689.6608	336.3954	686.502	360.1891	26.7461	0.5408	0.5082
2016-04-04 19:54:41.437	598942621	False	7	706.3958	366.4886	700.8596	367.4109	28.28965	720.0372	376.6327	714.808	374.8913	29.6819	0.353	0.4927	692.7544	356.3445	686.9113	359.9305	26.8974	0.5409	0.5086
2016-04-04 19:54:41.604	598942788	False	7	644.7783	503.5148	644.7783	503.5148	29.2644	652.6258	506.7975	652.6258	506.7975	30.4674	0.3522	0.4953	636.9309	500.2321	636.9309	500.2321	28.0614	0.54	0.5114
2016-04-04 19:54:41.637	598942821	False	7	653.3352	491.5435	653.3352	491.5435	29.335	653.8179	485.2084	653.8179	485.2084	30.5707	0.3522	0.4949	652.8525	497.8785	652.8525	497.8785	28.0993	0.5402	0.5112
2016-04-04 19:54:41.670	598942854	False	7	651.3085	488.252	652.3206	489.8957	29.38165	658.8975	499.9424	656.3609	492.5848	31.0174	0.3522	0.495	643.7194	476.5616	648.2802	487.2065	27.7459	0.5402	0.5109
2016-04-04 19:54:41.704	598942888	False	7	656.2238	477.1341	653.6255	485.6209	29.5527	663.6736	494.182	658.8132	493.132	31.0096	0.3523	0.4949	648.774	460.0862	648.4378	478.1099	28.0958	0.5403	0.5107
2016-04-04 19:54:41.737	598942921	False	7	648.8728	492.9743	652.4304	487.4574	29.66515	653.7195	495.7973	657.5409	493.8156	31.0562	0.3523	0.4949	644.0261	490.1514	647.3198	481.0991	28.2741	0.5403	0.511
MSG	2016-04-04 19:54:41.737	598942921	image online at 28386
2016-04-04 19:54:41.770	598942954	False	7	636.9335	512.8455	649.2792	492.6094	29.66005	637.8922	521.9465	653.5532	499.541	31.0797	0.3521	0.4954	635.9747	503.7444	645.0053	485.6779	28.2404	0.5401	0.5115
2016-04-04 19:54:41.803	598942987	False	7	651.3459	504.5853	649.6017	494.6928	29.66945	664.7158	525.2559	655.4252	503.9857	31.5082	0.3523	0.4955	637.9761	483.9147	643.7781	485.3998	27.8307	0.5402	0.5113
2016-04-04 19:54:41.837	598943021	False	7	644.7634	497.8686	648.8658	495.2182	29.7755	648.6281	516.8124	654.4153	505.9759	31.6415	0.3521	0.4951	640.8987	478.9249	643.3162	484.4605	27.9095	0.5402	0.5109
2016-04-04 19:54:41.870	598943054	False	7	625.8156	512.9726	645.8275	497.5921	30.52955	642.4955	514.4706	652.8398	507.194	31.5006	0.3521	0.4956	609.1356	511.4745	638.8151	487.9902	29.5585	0.5399	0.5116
2016-04-04 19:54:41.904	598943088	False	7	639.387	526.6987	644.9993	501.0979	30.65275	641.5156	532.7838	651.468	510.3146	31.7072	0.3519	0.4955	637.2584	520.6135	638.5306	491.8812	29.5983	0.5401	0.5115
2016-04-04 19:54:41.937	598943121	False	7	638.8346	509.7018	644.2612	502.1565	30.62685	640.9452	513.8108	650.2794	510.8425	31.5583	0.3517	0.4949	636.724	505.5927	638.2431	493.4706	29.6954	0.5398	0.5109
2016-04-04 19:54:41.970	598943154	False	7	640.6785	516.1128	643.8243	503.6791	30.49875	649.2155	519.9819	650.0977	511.8917	31.6769	0.3517	0.4952	632.1415	512.2438	637.5509	495.4664	29.3206	0.5397	0.511
2016-04-04 19:54:42.003	598943187	False	7	644.9321	515.0233	643.8449	504.8835	30.5129	655.5928	499.6038	650.5339	510.9062	31.419	0.3516	0.4949	634.2715	530.4429	637.1561	498.8608	29.6068	0.5397	0.5112
2016-04-04 19:54:42.036	598943220	False	7	639.3312	508.4433	643.382	505.3599	30.59245	646.073	520.9441	650.0945	511.8839	31.7762	0.3517	0.4952	632.5894	495.9425	636.6695	498.8359	29.4087	0.5398	0.5111
2016-04-04 19:54:42.070	598943254	False	7	648.0667	499.9898	643.6924	505.0789	30.60455	654.3738	502.9915	650.3889	511.2713	31.8104	0.352	0.4958	641.7594	496.9881	636.9958	498.8864	29.3987	0.5402	0.5121
2016-04-04 19:54:42.103	598943287	False	7	640.9606	514.7605	643.4223	505.9693	30.6005	646.1237	517.828	650.0136	511.8696	31.7849	0.3518	0.4953	635.7975	511.6929	636.831	500.069	29.4161	0.54	0.5116
2016-04-04 19:54:42.136	598943320	False	7	561.3773	326.1035	561.3773	326.1035	30.52475	565.2937	367.2368	565.2937	367.2368	32.2068	0.3505	0.4923	557.4609	284.9703	557.4609	284.9703	28.8427	0.5379	0.5075
2016-04-04 19:54:42.170	598943354	False	4	575.9349	199.6315	575.9349	199.6315	29.9914	0.0	0.0	0.0	0.0	31.2008	0.3504	0.4896	575.9349	199.6315	575.9349	199.6315	28.782	0.538	0.5054
2016-04-04 19:54:42.203	598943387	False	7	570.4691	221.2439	573.1984	210.4515	30.44875	568.3118	229.0299	284.5183	114.661	31.5901	0.3504	0.4894	572.6263	213.4579	574.2784	206.5535	29.3074	0.5378	0.5054
2016-04-04 19:54:42.236	598943420	False	7	565.7725	217.0827	570.708	212.6897	30.1313	567.22	241.7122	379.6351	157.3858	31.3048	0.3501	0.4897	564.325	192.4533	570.9437	201.8452	28.9578	0.5377	0.5051
2016-04-04 19:54:42.269	598943453	False	4	568.1539	196.6422	570.0508	208.6641	30.0949	0.0	0.0	284.5978	117.9945	31.5124	0.3506	0.4894	568.1539	196.6422	570.2253	200.5236	28.6774	0.5381	0.505
2016-04-04 19:54:42.304	598943488	False	7	561.9406	224.979	568.3898	211.9699	30.54975	550.8315	231.8164	338.6474	141.1089	31.3443	0.3507	0.4895	573.0497	218.1416	570.7828	204.0858	29.7552	0.5385	0.5054
2016-04-04 19:54:42.337	598943521	False	4	553.2235	213.7468	565.7775	212.2948	29.9541	0.0	0.0	0.0	0.0	31.3513	0.351	0.4892	553.2235	213.7468	567.7795	205.751	28.5569	0.5387	0.5053
2016-04-04 19:54:42.370	598943554	False	7	560.3173	217.896	564.9221	213.1432	30.32235	563.484	247.6182	563.484	247.6182	31.4839	0.3515	0.4896	557.1505	188.1738	566.1714	203.1891	29.1608	0.5391	0.5053
2016-04-04 19:54:42.403	598943587	False	7	557.2694	214.1178	563.8695	213.3	30.2478	569.4886	234.5843	566.4901	241.0929	31.7052	0.3518	0.4896	545.0502	193.6513	563.3588	201.938	28.7904	0.5392	0.5056
2016-04-04 19:54:42.437	598943621	False	7	656.797	239.4895	574.7311	216.4064	30.2179	655.7808	246.0695	596.3853	242.7478	31.4389	0.3536	0.4898	657.8132	232.9096	574.3716	205.5543	28.9969	0.5413	0.5062
2016-04-04 19:54:42.470	598943654	False	4	648.7484	248.8996	582.8112	219.9717	30.8445	0.0	0.0	446.0754	181.5171	32.219	0.3536	0.4899	648.7484	248.8996	582.4679	210.2475	29.47	0.5414	0.5066
2016-04-04 19:54:42.503	598943687	False	7	645.4115	240.0724	589.2971	222.1035	30.62595	637.171	227.5956	484.0598	190.5007	31.341	0.3537	0.4894	653.652	252.5492	589.7848	214.569	29.9109	0.5415	0.5065
2016-04-04 19:54:42.536	598943720	False	7	645.1743	234.7125	594.8545	223.4395	29.98425	634.1068	236.3573	634.1068	236.3573	30.7389	0.3536	0.4894	656.2419	233.0678	596.3205	216.4898	29.2296	0.5415	0.5061
2016-04-04 19:54:42.570	598943754	False	7	647.5757	230.8158	599.92	224.2644	30.0019	655.3341	252.7372	655.3341	252.7372	30.8129	0.3535	0.4898	639.8173	208.8943	600.6107	216.0667	29.1909	0.5412	0.5059
2016-04-04 19:54:42.603	598943787	False	7	651.9758	231.5664	651.9758	231.5664	30.30165	655.2412	256.8421	655.2877	254.7923	31.4084	0.3533	0.4897	648.7103	206.2907	605.1354	215.4628	29.1949	0.5409	0.5055
2016-04-04 19:54:42.636	598943820	False	4	640.7073	227.5746	640.7073	227.5746	30.2992	0.0	0.0	435.9297	169.504	31.228	0.3532	0.4895	640.7073	227.5746	608.5583	216.5699	29.3704	0.5408	0.5055
2016-04-04 19:54:42.669	598943853	False	7	654.9465	243.1632	647.836	235.3788	30.4212	666.9335	257.9133	493.3615	191.4816	31.6663	0.3534	0.4897	642.9597	228.4131	611.8094	217.6309	29.1761	0.5409	0.5058
2016-04-04 19:54:42.703	598943887	False	7	655.0787	243.3525	650.2726	238.0613	30.36225	661.4044	259.4313	527.1754	205.1593	31.1681	0.3533	0.4898	648.7531	227.2736	615.1764	218.5128	29.5564	0.541	0.5059
2016-04-04 19:54:42.736	598943920	False	7	647.2111	236.7291	649.5186	237.7452	30.3161	649.3803	253.4503	649.3803	253.4503	31.2214	0.3533	0.4898	645.0419	220.0078	617.9946	218.8106	29.4108	0.5411	0.506
2016-04-04 19:54:42.769	598943953	False	7	650.5275	249.8873	649.7332	240.2246	30.59145	655.0925	262.1058	655.0925	262.1058	31.4545	0.3535	0.49	645.9624	237.6689	620.6371	220.2668	29.7284	0.5412	0.5063
MSG	2016-04-04 19:54:42.769	598943953	image offline at 29403
MSG	2016-04-04 19:54:42.769	598943953	TRIALEND 6
2016-04-04 19:54:42.803	598943987	False	4	645.9934	243.815	649.105	240.869	30.5943	0.0	0.0	327.1285	130.8857	31.2275	0.3535	0.4898	645.9934	243.815	623.0664	222.0296	29.9611	0.5413	0.5061
MSG	2016-04-04 19:54:42.803	598943987	stop_recording
